ind,pop,Lat,Long,SampleID,ExtractID,SampleType,Nanodrop_Conc,ExtractqPCRConc,Treatment,Trip,PelletID,Date,QualScore,Plate
DA4-B03,Alpine,-36.88567059,147.3715662,ARP001,P002-B03,Swab,46.57,0.037025,Post-Control,3,ARP001,16/03/2022,3,DA4
DA4-B04,Alpine,-36.88654416,147.3689445,ARP002,P002-B04,Swab,7.071,0.127286,Post-Control,3,ARP002,16/03/2022,2,DA4
DA4-B05,Alpine,-36.88650897,147.3686637,ARP003,P002-B05,Swab,12.42,0.004451,Post-Control,3,ARP003,16/03/2022,3,DA4
DA4-B11,Alpine,-36.8809253,147.3784332,ARP009,P002-B11,Swab,6.579,0,Post-Control,3,ARP009,16/03/2022,2,DA4
DA4-B12,Alpine,-36.8802837,147.3789238,ARP010,P002-B12,Swab,4.817,0.012909,Post-Control,3,ARP010,16/03/2022,1,DA4
DA2-C06,Alpine,-36.87979477,147.3795946,ARP011,P002-C01,Swab,2.553,0.451311,Post-Control,3,ARP011,16/03/2022,1,DA2
DA4-C01,Alpine,-36.87979477,147.3795946,ARP011,P002-C01,Swab,11.6,0.451311,Post-Control,3,ARP011,16/03/2022,1,DA4
DA12-C10,Alpine,-36.94613335,147.3821472,ARP012,P002-C02,Swab,3.024,0.036659,Post-Control,3,ARP012,17/03/2022,2,DA12
DA4-C02,Alpine,-36.94613335,147.3821472,ARP012,P002-C02,Swab,2.069,0.036659,Post-Control,3,ARP012,17/03/2022,2,DA4
DA4-C03,Alpine,-36.94532898,147.3827946,ARP013,P002-C03,Swab,1.635,0.01697,Post-Control,3,ARP013,17/03/2022,1,DA4
DA4-C04,Alpine,-36.94339724,147.3196802,ARP014,P002-C04,Swab,25.42,0.037056,Post-Control,3,ARP014,17/03/2022,3,DA4
DA4-C05,Alpine,-36.94342383,147.3198488,ARP015,P002-C05,Swab,4.523,0.04287,Post-Control,3,ARP015,17/03/2022,2,DA4
DA4-C06,Alpine,-36.94486006,147.322101,ARP016,P002-C06,Swab,2.051,0.000871,Post-Control,3,ARP016,17/03/2022,2,DA4
DA4-C07,Alpine,-36.94705584,147.3234804,ARP017,P002-C07,Swab,12.77,0.043353,Post-Control,3,ARP017,17/03/2022,2,DA4
DA4-C10,Alpine,-36.94383622,147.3206928,ARP020,P002-C10,Swab,12.59,0.054539,Post-Control,3,ARP020,17/03/2022,3,DA4
DA4-C11,Alpine,-36.94328063,147.3194663,ARP021,P002-C11,Swab,17.22,0.209679,Post-Control,3,ARP021,17/03/2022,1,DA4
DA4-C12,Alpine,-36.93384296,147.3159122,ARP022,P002-C12,Swab,9.837,0.134313,Post-Control,3,ARP022,17/03/2022,3,DA4
DA2-D06,Alpine,-36.92817639,147.3145751,ARP023,P002-D01,Swab,1.801,0.410108,Post-Control,3,ARP023,18/03/2022,1,DA2
DA4-D01,Alpine,-36.92817639,147.3145751,ARP023,P002-D01,Swab,12.25,0.410108,Post-Control,3,ARP023,18/03/2022,1,DA4
DA12-D10,Alpine,-36.92810254,147.3152261,ARP024,P002-D02,Swab,6.298,0.080929,Post-Control,3,ARP024,18/03/2022,1,DA12
DA4-D02,Alpine,-36.92810254,147.3152261,ARP024,P002-D02,Swab,4.175,0.080929,Post-Control,3,ARP024,18/03/2022,1,DA4
DA4-D03,Alpine,-36.92789357,147.3158427,ARP025,P002-D03,Swab,6.966,0.070134,Post-Control,3,ARP025,18/03/2022,2,DA4
DA4-D04,Alpine,-36.92648437,147.3203057,ARP026,P002-D04,Swab,119.5,0.111072,Post-Control,3,ARP026,18/03/2022,3,DA4
DA4-D06,Alpine,-36.92729986,147.3220944,ARP028,P002-D06,Swab,1.804,0.005232,Post-Control,3,ARP028,18/03/2022,2,DA4
DA4-D07,Alpine,-36.92742539,147.322342,ARP029,P002-D07,Swab,6.037,0.133122,Post-Control,3,ARP029,18/03/2022,2,DA4
DA4-D10,Alpine,-36.92913384,147.3138492,ARP032,P002-D10,Swab,22.84,0.055713,Post-Control,3,ARP032,18/03/2022,2,DA4
DA4-D11,Alpine,-36.92914298,147.3138043,ARP033,P002-D11,Swab,18.95,0.183419,Post-Control,3,ARP033,18/03/2022,3,DA4
DA4-D12,Alpine,-36.93365156,147.336371,ARP034,P002-D12,Swab,19.3,0.732494,Post-Control,3,ARP034,19/03/2022,2,DA4
DA2-E06,Alpine,-36.93316122,147.3376265,ARP035,P002-E01,Swab,2.661,0.114557,Post-Control,3,ARP035,19/03/2022,2,DA2
DA4-E01,Alpine,-36.93316122,147.3376265,ARP035,P002-E01,Swab,12.04,0.114557,Post-Control,3,ARP035,19/03/2022,2,DA4
DA12-E10,Alpine,-36.93305693,147.3456773,ARP036,P002-E02,Swab,9.655,0.006515,Post-Control,3,ARP036,19/03/2022,1,DA12
DA4-E02,Alpine,-36.93305693,147.3456773,ARP036,P002-E02,Swab,5.245,0.006515,Post-Control,3,ARP036,19/03/2022,1,DA4
DA4-E03,Alpine,-36.93336401,147.3454765,ARP037,P002-E03,Swab,9.973,0.078797,Post-Control,3,ARP037,19/03/2022,2,DA4
DA4-E04,Alpine,-36.95183553,147.3357433,ARP038,P002-E04,Swab,81.8,0.000929,Post-Control,3,ARP038,19/03/2022,2,DA4
DA11-F07,Alpine,-36.8838,147.4,ARP101,P009-F07,Swab,2.183,0.038433,Post-Control,4,ARP101,8/05/2022,2,DA11
DA11-H07,Alpine,-36.8969,147.4303,ARP103,P009-H07,Swab,24.81,0.078751,Post-Control,4,ARP103,8/05/2022,2,DA11
DA11-A08,Alpine,-36.8981,147.4298,ARP104,P009-A08,Swab,6.726,0.033027,Post-Control,4,ARP104,8/05/2022,3,DA11
DA11-B08,Alpine,-36.898,147.4294,ARP105,P009-B08,Swab,5.346,0.014384,Post-Control,4,ARP105,9/05/2022,3,DA11
DA11-C08,Alpine,-36.8979,147.4294,ARP106,P009-C08,Swab,7.564,0.066521,Post-Control,4,ARP106,9/05/2022,3,DA11
DA11-D08,Alpine,-36.9231,147.3,ARP107,P009-D08,Swab,10.06,0.040689,Post-Control,4,ARP107,9/05/2022,1,DA11
DA11-E08,Alpine,-36.9229,147.3005,ARP108,P009-E08,Swab,11.88,0.06766,Post-Control,4,ARP108,9/05/2022,3,DA11
DA11-F08,Alpine,-36.9377,147.3499,ARP109,P009-F08,Swab,22.64,0.180059,Post-Control,4,ARP109,9/05/2022,3,DA11
DA11-G08,Alpine,-36.9376,147.3501,ARP110,P009-G08,Swab,6.754,0.005922,Post-Control,4,ARP110,9/05/2022,3,DA11
DA11-H08,Alpine,-36.9364,147.3503,ARP111,P009-H08,Swab,20.74,0.234022,Post-Control,4,ARP111,9/05/2022,3,DA11
DA11-A09,Alpine,-36.9349,147.3545,ARP112,P009-A09,Swab,23.82,0.137312,Post-Control,4,ARP112,9/05/2022,3,DA11
DA11-B09,Alpine,-36.9361,147.3628,ARP113,P009-B09,Swab,16.82,0.074844,Post-Control,4,ARP113,10/05/2022,3,DA11
DA11-C09,Alpine,-36.9319,147.3669,ARP114,P009-C09,Swab,2.34,0.003277,Post-Control,4,ARP114,10/05/2022,3,DA11
DA11-D09,Alpine,-36.9318,147.3682,ARP115,P009-D09,Swab,7.556,0.017874,Post-Control,4,ARP115,10/05/2022,3,DA11
DA11-E09,Alpine,-36.9501,147.3695,ARP116,P009-E09,Swab,23.46,0.194323,Post-Control,4,ARP116,10/05/2022,3,DA11
DA11-F09,Alpine,-36.9511,147.3364,ARP117,P009-F09,Swab,9.406,0.016336,Post-Control,4,ARP117,10/05/2022,3,DA11
DA11-G09,Alpine,-36.9522,147.3356,ARP118,P009-G09,Swab,8.32,0.026364,Post-Control,4,ARP118,10/05/2022,2,DA11
DA11-H09,Alpine,-36.9306,147.3097,ARP119,P009-H09,Swab,21.21,0.06962,Post-Control,4,ARP119,10/05/2022,3,DA11
DA11-A10,Alpine,-36.9301,147.3098,ARP120,P009-A10,Swab,19.18,0.015863,Post-Control,4,ARP120,10/05/2022,3,DA11
DA11-B10,Alpine,-36.9284,147.3139,ARP121,P009-B10,Swab,15.54,0.048593,Post-Control,4,ARP121,10/05/2022,3,DA11
DA11-C10,Alpine,-36.9281,147.3148,ARP122,P009-C10,Swab,15,0.095352,Post-Control,4,ARP122,10/05/2022,2,DA11
DA11-D10,Alpine,-36.9277,147.3203,ARP123,P009-D10,Swab,4.959,0.016436,Post-Control,4,ARP123,10/05/2022,3,DA11
DA11-E10,Alpine,-36.9277,147.3258,ARP124,P009-E10,Swab,17.83,0.134351,Post-Control,4,ARP124,11/05/2022,2,DA11
DA11-F10,Alpine,-36.9282,147.3188,ARP125,P009-F10,Swab,10.89,0.084133,Post-Control,4,ARP125,11/05/2022,3,DA11
DA11-G10,Alpine,-36.9285,147.3153,ARP126,P009-G10,Swab,11.71,0.091602,Post-Control,4,ARP126,11/05/2022,3,DA11
DA11-H10,Alpine,-36.9378,147.3374,ARP127,P009-H10,Swab,5.033,0.011726,Post-Control,4,ARP127,11/05/2022,2,DA11
DA11-A11,Alpine,-36.934,147.316,ARP128,P009-A11,Swab,4.513,0.033196,Post-Control,4,ARP128,11/05/2022,2,DA11
DA11-B11,Alpine,-36.9367,147.3108,ARP129,P009-B11,Swab,11.89,0.027756,Post-Control,4,ARP129,11/05/2022,2,DA11
DA7-D08,Alpine,-36.93826501,147.3495414,ARRU02,P005-D08,Swab,6.568,0.005872,Pre-Control,1,ARRU02,18/04/2021,1,DA7
DA7-E08,Alpine,-36.93170359,147.3670959,ARRU03,P005-E08,Swab,16.41,0.152159,Pre-Control,1,ARRU03,18/04/2021,1,DA7
DA7-F08,Alpine,-36.93220664,147.370568,ARRU04,P005-F08,Swab,5.39,0.168126,Pre-Control,1,ARRU04,18/04/2021,2,DA7
DA7-G08,Alpine,-36.88036715,147.3948248,ARRU05,P005-G08,Swab,3.168,0.078646,Pre-Control,1,ARRU05,19/04/2021,2,DA7
DA7-H08,Alpine,-36.93259526,147.336939,ARRU06,P005-H08,Swab,12.77,0.001676,Pre-Control,1,ARRU06,20/04/2021,1,DA7
DA7-A09,Alpine,-36.93391686,147.3381801,ARRU07,P005-A09,Swab,10.77,0.02752,Pre-Control,1,ARRU07,20/04/2021,1,DA7
DA7-B09,Alpine,-36.9339166,147.3382699,ARRU08,P005-B09,Swab,3.932,0.026416,Pre-Control,1,ARRU08,20/04/2021,1,DA7
DA7-C09,Alpine,-36.93433206,147.3411464,ARRU09,P005-C09,Swab,17.34,0.127282,Pre-Control,1,ARRU09,20/04/2021,1,DA7
DA7-D09,Alpine,-36.93398249,147.3435816,ARRU10,P005-D09,Swab,13.32,0.027344,Pre-Control,1,ARRU10,20/04/2021,2,DA7
DA7-E09,Alpine,-36.9303126,147.3470236,ARRU11,P005-E09,Swab,22.11,0.357329,Pre-Control,1,ARRU11,20/04/2021,2,DA7
DA7-F09,Alpine,-36.92841651,147.3123978,ARRU12,P005-F09,Swab,18.09,0.028212,Pre-Control,1,ARRU12,22/04/2021,1,DA7
DA7-G09,Alpine,-36.92838861,147.3127233,ARRU13,P005-G09,Swab,6.791,0.020216,Pre-Control,1,ARRU13,22/04/2021,2,DA7
DA7-H09,Alpine,-36.92803248,147.314451,ARRU14,P005-H09,Swab,11.04,0.062648,Pre-Control,1,ARRU14,22/04/2021,2,DA7
DA7-A10,Alpine,-36.92767609,147.3162685,ARRU15,P005-A10,Swab,21.59,0.174474,Pre-Control,1,ARRU15,22/04/2021,2,DA7
DA7-B10,Alpine,-36.92668321,147.3201157,ARRU16,P005-B10,Swab,13.02,0.220925,Pre-Control,1,ARRU16,22/04/2021,2,DA7
DA7-C10,Alpine,-36.92760204,147.3236789,ARRU17,P005-C10,Swab,3.159,0,Pre-Control,1,ARRU17,22/04/2021,1,DA7
DA7-D10,Alpine,-36.92760171,147.3238024,ARRU18,P005-D10,Swab,6.321,0.031121,Pre-Control,1,ARRU18,22/04/2021,1,DA7
DA7-E10,Alpine,-36.92760519,147.3258235,ARRU19,P005-E10,Swab,23.66,0.931243,Pre-Control,1,ARRU19,22/04/2021,2,DA7
DA7-F10,Alpine,-36.9370962,147.3024388,ARRU20,P005-F10,Swab,0.7703,0.001323,Pre-Control,1,ARRU20,22/04/2021,1,DA7
DA7-G10,Alpine,-36.93425639,147.3129719,ARRU21,P005-G10,Swab,35.74,3.44e-05,Pre-Control,1,ARRU21,22/04/2021,1,DA7
DA7-H10,Alpine,-36.93417378,147.313533,ARRU22,P005-H10,Swab,20.67,0.065088,Pre-Control,1,ARRU22,22/04/2021,2,DA7
DA7-A11,Alpine,-36.93361171,147.3147322,ARRU23,P005-A11,Swab,13.18,0.017862,Pre-Control,1,ARRU23,22/04/2021,1,DA7
DA7-B11,Alpine,-36.9273263,147.3256202,ARRU24,P005-B11,Swab,23.88,0.030797,Pre-Control,1,ARRU24,23/04/2021,2,DA7
DA7-C11,Alpine,-36.92758963,147.3249252,ARRU25,P005-C11,Swab,9.042,0.315112,Pre-Control,1,ARRU25,23/04/2021,2,DA7
DA7-D11,Alpine,-36.92895967,147.3115242,ARRU26,P005-D11,Swab,10.67,0.127282,Pre-Control,1,ARRU26,23/04/2021,2,DA7
DA7-E11,Alpine,-36.86734688,147.196981,ARRU27,P005-E11,Swab,6.151,0.003847,Pre-Control,1,ARRU27,24/04/2021,1,DA7
DA7-F11,Alpine,-36.93184649,147.3106938,ARRU28,P005-F11,Swab,17.35,0.253364,Pre-Control,2,ARRU28,31/05/2021,1,DA7
DA7-G11,Alpine,-36.93234665,147.3090227,ARRU29,P005-G11,Swab,12.93,0.210255,Pre-Control,2,ARRU29,1/06/2021,1,DA7
DA7-A12,Alpine,-36.92849551,147.3132066,ARRU30,P005-A12,Swab,21.91,0.133168,Pre-Control,2,ARRU30,1/06/2021,2,DA7
DA7-B12,Alpine,-36.92819,147.316237,ARRU31,P005-B12,Swab,20.43,0.449609,Pre-Control,2,ARRU31,1/06/2021,1,DA7
DA7-C12,Alpine,-36.92816835,147.3175955,ARRU32,P005-C12,Swab,12.92,0.330065,Pre-Control,2,ARRU32,1/06/2021,2,DA7
DA7-D12,Alpine,-36.92782328,147.3151575,ARRU33,P005-D12,Swab,12.57,0.222298,Pre-Control,2,ARRU33,1/06/2021,1,DA7
DA7-E12,Alpine,-36.92858447,147.3136561,ARRU34,P005-E12,Swab,21.37,0.5766,Pre-Control,2,ARRU34,1/06/2021,2,DA7
DA7-F12,Alpine,-36.93159391,147.3107601,ARRU35,P005-F12,Swab,21.34,0.750813,Pre-Control,2,ARRU35,1/06/2021,2,DA7
DA7-G12,Alpine,-36.93205226,147.3112897,ARRU36,P005-G12,Swab,17.21,0.279057,Pre-Control,2,ARRU36,1/06/2021,2,DA7
DA2-A10,Alpine,-36.93211489,147.3114696,ARRU37,P006-A01,Swab,4.714,0.325225,Pre-Control,2,ARRU37,1/06/2021,2,DA2
DA8-A01,Alpine,-36.93211489,147.3114696,ARRU37,P006-A01,Swab,18.66,0.325225,Pre-Control,2,ARRU37,1/06/2021,2,DA8
DA2-B10,Alpine,-36.93375212,147.3127677,ARRU38,P006-B01,Swab,1.538,0.292631,Pre-Control,2,ARRU38,1/06/2021,2,DA2
DA8-B01,Alpine,-36.93375212,147.3127677,ARRU38,P006-B01,Swab,7.537,0.292631,Pre-Control,2,ARRU38,1/06/2021,2,DA8
DA2-C10,Alpine,-36.94462827,147.3211454,ARRU39,P006-C01,Swab,1.725,0.089709,Pre-Control,2,ARRU39,1/06/2021,1,DA2
DA8-C01,Alpine,-36.94462827,147.3211454,ARRU39,P006-C01,Swab,14.3,0.089709,Pre-Control,2,ARRU39,1/06/2021,1,DA8
DA2-D10,Alpine,-36.94484182,147.3221795,ARRU40,P006-D01,Swab,1.872,0.230767,Pre-Control,2,ARRU40,1/06/2021,2,DA2
DA8-D01,Alpine,-36.94484182,147.3221795,ARRU40,P006-D01,Swab,14.3,0.230767,Pre-Control,2,ARRU40,1/06/2021,2,DA8
DA2-E10,Alpine,-36.9450483,147.3224948,ARRU41,P006-E01,Swab,2.66,0.114378,Pre-Control,2,ARRU41,1/06/2021,1,DA2
DA8-E01,Alpine,-36.9450483,147.3224948,ARRU41,P006-E01,Swab,9.633,0.114378,Pre-Control,2,ARRU41,1/06/2021,1,DA8
DA2-F10,Alpine,-36.94495955,147.3219778,ARRU42,P006-F01,Swab,3.921,0.131013,Pre-Control,2,ARRU42,1/06/2021,2,DA2
DA8-F01,Alpine,-36.94495955,147.3219778,ARRU42,P006-F01,Swab,24.92,0.131013,Pre-Control,2,ARRU42,1/06/2021,2,DA8
DA2-G10,Alpine,-36.95219588,147.3358235,ARRU43,P006-G01,Swab,3.227,0.436927,Pre-Control,2,ARRU43,1/06/2021,2,DA2
DA8-G01,Alpine,-36.95219588,147.3358235,ARRU43,P006-G01,Swab,29.4,0.436927,Pre-Control,2,ARRU43,1/06/2021,2,DA8
DA12-B06,Alpine,-36.93375992,147.3426149,ARRU46,P006-B02,Swab,14.83,0.221036,Pre-Control,2,ARRU46,2/06/2021,2,DA12
DA8-B02,Alpine,-36.93375992,147.3426149,ARRU46,P006-B02,Swab,16.86,0.221036,Pre-Control,2,ARRU46,2/06/2021,2,DA8
DA12-C06,Alpine,-36.93344744,147.3384138,ARRU47,P006-C02,Swab,8.489,0.382443,Pre-Control,2,ARRU47,2/06/2021,2,DA12
DA8-C02,Alpine,-36.93344744,147.3384138,ARRU47,P006-C02,Swab,10.2,0.382443,Pre-Control,2,ARRU47,2/06/2021,2,DA8
DA12-D06,Alpine,-36.93325971,147.3378627,ARRU48,P006-D02,Swab,17.55,0.202608,Pre-Control,2,ARRU48,2/06/2021,2,DA12
DA8-D02,Alpine,-36.93325971,147.3378627,ARRU48,P006-D02,Swab,14.41,0.202608,Pre-Control,2,ARRU48,2/06/2021,2,DA8
DA12-E06,Alpine,-36.93547769,147.3377153,ARRU49,P006-E02,Swab,6.297,0.246501,Pre-Control,2,ARRU49,2/06/2021,1,DA12
DA8-E02,Alpine,-36.93547769,147.3377153,ARRU49,P006-E02,Swab,9.489,0.246501,Pre-Control,2,ARRU49,2/06/2021,1,DA8
DA12-F06,Alpine,-36.93281841,147.3280691,ARRU50,P006-F02,Swab,6.273,0.046972,Pre-Control,2,ARRU50,2/06/2021,1,DA12
DA8-F02,Alpine,-36.93281841,147.3280691,ARRU50,P006-F02,Swab,8.33,0.046972,Pre-Control,2,ARRU50,2/06/2021,1,DA8
DA12-G06,Alpine,-36.9300009,147.3266085,ARRU51,P006-G02,Swab,16.41,0.462462,Pre-Control,2,ARRU51,2/06/2021,2,DA12
DA8-G02,Alpine,-36.9300009,147.3266085,ARRU51,P006-G02,Swab,19.99,0.462462,Pre-Control,2,ARRU51,2/06/2021,2,DA8
DA12-H06,Alpine,-36.9295599,147.3263483,ARRU52,P006-H02,Swab,17.57,0.040812,Pre-Control,2,ARRU52,2/06/2021,2,DA12
DA8-H02,Alpine,-36.9295599,147.3263483,ARRU52,P006-H02,Swab,20.49,0.040812,Pre-Control,2,ARRU52,2/06/2021,2,DA8
DA8-A03,Alpine,-36.92797475,147.3258363,ARRU53,P006-A03,Swab,21.18,0.206201,Pre-Control,2,ARRU53,2/06/2021,2,DA8
DA8-B03,Alpine,-36.92937411,147.3250675,ARRU54,P006-B03,Swab,14.19,0.028181,Pre-Control,2,ARRU54,2/06/2021,2,DA8
DA8-C03,Alpine,-36.92956304,147.325203,ARRU55,P006-C03,Swab,12.96,0.535972,Pre-Control,2,ARRU55,2/06/2021,2,DA8
DA8-D03,Alpine,-36.9319535,147.3311421,ARRU56,P006-D03,Swab,5.99,0.043071,Pre-Control,2,ARRU56,2/06/2021,2,DA8
DA8-E03,Alpine,-36.93407512,147.3332174,ARRU57,P006-E03,Swab,20.05,0.302924,Pre-Control,2,ARRU57,2/06/2021,2,DA8
DA8-F03,Alpine,-36.93556325,147.3329544,ARRU58,P006-F03,Swab,18.52,0.287939,Pre-Control,2,ARRU58,2/06/2021,2,DA8
DA8-G03,Alpine,-36.94685778,147.3811288,ARRU59,P006-G03,Swab,20.62,0.1606,Pre-Control,2,ARRU59,3/06/2021,1,DA8
DA8-H03,Alpine,-36.94729094,147.380985,ARRU60,P006-H03,Swab,13.18,0.088746,Pre-Control,2,ARRU60,3/06/2021,2,DA8
DA8-D08,Snowy River,-37.20293636,148.3714915,CK01C,P006-D08,Swab,18.64,0.082871,Pre-Control,3,CK01C,9/08/2021,2,DA8
DA8-E08,Snowy River,-37.20405495,148.3706328,CK02C,P006-E08,Swab,15.48,0.377159,Pre-Control,3,CK02C,9/08/2021,2,DA8
DA8-F08,Snowy River,-37.20438471,148.3701768,CK03C,P006-F08,Swab,17.57,0.048507,Pre-Control,3,CK03C,9/08/2021,3,DA8
DA8-G08,Snowy River,-37.20692446,148.3656701,CK04C,P006-G08,Swab,19.16,0.022562,Pre-Control,3,CK04C,9/08/2021,3,DA8
DA8-H08,Snowy River,-37.20735042,148.3646861,CK05C,P006-H08,Swab,17.86,0.026053,Pre-Control,3,CK05C,9/08/2021,2,DA8
DA8-A09,Snowy River,-37.20914114,148.3633774,CK06C,P006-A09,Swab,9.168,0.062301,Pre-Control,3,CK06C,9/08/2021,3,DA8
DA8-B09,Snowy River,-37.21015562,148.3629449,CK07C,P006-B09,Swab,4.957,0.017185,Pre-Control,3,CK07C,9/08/2021,2,DA8
DA8-C09,Snowy River,-37.21211799,148.3639493,CK08C,P006-C09,Swab,5.849,0.004544,Pre-Control,3,CK08C,9/08/2021,2,DA8
DA8-D09,Snowy River,-37.21238164,148.3653177,CK09C,P006-D09,Swab,17.63,0.006914,Pre-Control,3,CK09C,9/08/2021,3,DA8
DA3-A04,Snowy River,-37.19686415,148.3516414,CK10,P001-A04,Swab,23.69,0.160097,Pre-Control,1,CK10,22/06/2021,3,DA3
DA3-G05,Snowy River,-37.22723474,148.3544152,CK100,P001-G05,Swab,10.53,0.023271,Pre-Control,1,CK100,23/06/2021,1,DA3
DA8-E06,Snowy River,-37.19924089,148.3558303,CK100B,P006-E06,Swab,19.19,0.014615,Pre-Control,2,CK100B,14/07/2021,3,DA8
DA3-G06,Snowy River,-37.199647,148.3706658,CK101,P001-G06,Swab,9.835,0.003955,Pre-Control,1,CK101,24/06/2021,3,DA3
DA8-F06,Snowy River,-37.19924089,148.3558303,CK101B,P006-F06,Swab,17.79,0.02351,Pre-Control,2,CK101B,14/07/2021,2,DA8
DA3-G07,Snowy River,-37.19966242,148.3708914,CK102,P001-G07,Swab,22.14,0.015112,Pre-Control,1,CK102,24/06/2021,3,DA3
DA8-G06,Snowy River,-37.19874063,148.3546495,CK102B,P006-G06,Swab,16.84,0.058518,Pre-Control,2,CK102B,14/07/2021,1,DA8
DA3-G08,Snowy River,-37.19988562,148.3710757,CK103,P001-G08,Swab,22.99,0.040335,Pre-Control,1,CK103,24/06/2021,2,DA3
DA8-H06,Snowy River,-37.19785583,148.3532027,CK103B,P006-H06,Swab,22.55,0.382004,Pre-Control,2,CK103B,14/07/2021,3,DA8
DA3-G09,Snowy River,-37.20078064,148.3716215,CK104,P001-G09,Swab,16.12,0.038365,Pre-Control,1,CK104,24/06/2021,2,DA3
DA8-A07,Snowy River,-37.19655838,148.3507909,CK104B,P006-A07,Swab,17.23,0.047922,Pre-Control,2,CK104B,14/07/2021,3,DA8
DA3-G10,Snowy River,-37.20113196,148.3716391,CK105,P001-G10,Swab,24.79,0.068024,Pre-Control,1,CK105,24/06/2021,3,DA3
DA8-B07,Snowy River,-37.1948771,148.3480456,CK105B,P006-B07,Swab,10.65,0.014211,Pre-Control,2,CK105B,14/07/2021,2,DA8
DA3-G11,Snowy River,-37.20156386,148.3717033,CK106,P001-G11,Swab,19.69,0.068165,Pre-Control,1,CK106,24/06/2021,3,DA3
DA8-C07,Snowy River,-37.19433508,148.34736,CK106B,P006-C07,Swab,17.57,0.053755,Pre-Control,2,CK106B,14/07/2021,2,DA8
DA3-G12,Snowy River,-37.20170818,148.3716946,CK107,P001-G12,Swab,7.461,0.040421,Pre-Control,1,CK107,24/06/2021,2,DA3
DA8-D07,Snowy River,-37.19413862,148.3471988,CK107B,P006-D07,Swab,16.97,0.038474,Pre-Control,2,CK107B,14/07/2021,2,DA8
DA2-H05,Snowy River,-37.2019161,148.371642,CK108,P001-H01,Swab,3.6,0.136392,Pre-Control,1,CK108,24/06/2021,3,DA2
DA3-H01,Snowy River,-37.2019161,148.371642,CK108,P001-H01,Swab,17.26,0.136392,Pre-Control,1,CK108,24/06/2021,3,DA3
DA8-E07,Snowy River,-37.19221789,148.3456887,CK108B,P006-E07,Swab,9.702,0.008025,Pre-Control,2,CK108B,14/07/2021,3,DA8
DA12-H11,Snowy River,-37.20511618,148.3692772,CK109,P001-H02,Swab,142.1,0.179584,Pre-Control,1,CK109,24/06/2021,1,DA12
DA3-H02,Snowy River,-37.20511618,148.3692772,CK109,P001-H02,Swab,7.572,0.179584,Pre-Control,1,CK109,24/06/2021,1,DA3
DA8-F07,Snowy River,-37.19205696,148.3455732,CK109B,P006-F07,Swab,27.37,0.009202,Pre-Control,2,CK109B,14/07/2021,3,DA8
DA10-B06,Snowy River,-37.20610072,148.3675371,CK10B,P008-B06,Swab,16.79,0.002389,Pre-Control,2,CK10B,12/07/2021,1,DA10
DA8-E09,Snowy River,-37.21335588,148.3668116,CK10C,P006-E09,Swab,19.91,0.016261,Pre-Control,3,CK10C,9/08/2021,3,DA8
DA3-A05,Snowy River,-37.19611435,148.3502084,CK11,P001-A05,Swab,2.959,0.048986,Pre-Control,1,CK11,22/06/2021,3,DA3
DA12-H12,Snowy River,-37.20624816,148.3672581,CK110,P001-H03,Swab,29.52,0.027981,Pre-Control,1,CK110,24/06/2021,3,DA12
DA3-H03,Snowy River,-37.20624816,148.3672581,CK110,P001-H03,Swab,6.879,0.027981,Pre-Control,1,CK110,24/06/2021,3,DA3
DA8-G07,Snowy River,-37.19136882,148.345054,CK110B,P006-G07,Swab,18.69,0.006655,Pre-Control,2,CK110B,14/07/2021,3,DA8
DA3-H04,Snowy River,-37.20705664,148.3659317,CK111,P001-H04,Swab,18.29,0.164823,Pre-Control,1,CK111,24/06/2021,2,DA3
DA8-H07,Snowy River,-37.19126336,148.3448155,CK111B,P006-H07,Swab,25.14,0.024196,Pre-Control,2,CK111B,14/07/2021,2,DA8
DA3-H05,Snowy River,-37.20875837,148.3637424,CK112,P001-H05,Swab,4.428,0.007569,Pre-Control,1,CK112,24/06/2021,1,DA3
DA8-A08,Snowy River,-37.19003203,148.3437121,CK112B,P006-A08,Swab,18.68,0.014524,Pre-Control,2,CK112B,14/07/2021,3,DA8
DA3-H06,Snowy River,-37.20882223,148.3636759,CK113,P001-H06,Swab,19.64,0.021255,Pre-Control,1,CK113,24/06/2021,2,DA3
DA8-B08,Snowy River,-37.18975535,148.3434706,CK113B,P006-B08,Swab,19.09,0.029785,Pre-Control,2,CK113B,14/07/2021,1,DA8
DA3-H07,Snowy River,-37.20907598,148.3635565,CK114,P001-H07,Swab,21.83,0.029555,Pre-Control,1,CK114,24/06/2021,3,DA3
DA8-C08,Snowy River,-37.1896467,148.3435138,CK114B,P006-C08,Swab,12.21,0.025774,Pre-Control,2,CK114B,14/07/2021,3,DA8
DA3-H08,Snowy River,-37.2091235,148.3633433,CK115,P001-H08,Swab,9.335,0.017662,Pre-Control,1,CK115,24/06/2021,2,DA3
DA3-H09,Snowy River,-37.21167286,148.363468,CK116,P001-H09,Swab,29.12,0.119036,Pre-Control,1,CK116,24/06/2021,2,DA3
DA2-A06,Snowy River,-37.21258553,148.3656144,CK117,P002-A01,Swab,13.32,0.070711,Pre-Control,1,CK117,24/06/2021,2,DA2
DA4-A01,Snowy River,-37.21258553,148.3656144,CK117,P002-A01,Swab,19.75,0.070711,Pre-Control,1,CK117,24/06/2021,2,DA4
DA12-A10,Snowy River,-37.21310733,148.3664803,CK118,P002-A02,Swab,20.61,0.076265,Pre-Control,1,CK118,24/06/2021,2,DA12
DA4-A02,Snowy River,-37.21310733,148.3664803,CK118,P002-A02,Swab,15.06,0.076265,Pre-Control,1,CK118,24/06/2021,2,DA4
DA4-A03,Snowy River,-37.21313346,148.3665596,CK119,P002-A03,Swab,19.77,0.101579,Pre-Control,1,CK119,24/06/2021,3,DA4
DA10-C06,Snowy River,-37.2062304,148.3672352,CK11B,P008-C06,Swab,17.09,0.003024,Pre-Control,2,CK11B,12/07/2021,3,DA10
DA8-F09,Snowy River,-37.213347,148.3668002,CK11C,P006-F09,Swab,18.59,0.043812,Pre-Control,3,CK11C,9/08/2021,3,DA8
DA3-A06,Snowy River,-37.19594338,148.3501828,CK12,P001-A06,Swab,19.03,0.015568,Pre-Control,1,CK12,22/06/2021,3,DA3
DA4-A04,Snowy River,-37.213213,148.3666963,CK120,P002-A04,Swab,15.21,0.059399,Pre-Control,1,CK120,24/06/2021,3,DA4
DA4-A05,Snowy River,-37.21330939,148.3669347,CK121,P002-A05,Swab,15.85,0.035549,Pre-Control,1,CK121,24/06/2021,2,DA4
DA4-A06,Snowy River,-37.21360443,148.3671429,CK122,P002-A06,Swab,29.59,0.006711,Pre-Control,1,CK122,24/06/2021,2,DA4
DA4-A07,Snowy River,-37.21416107,148.3673333,CK123,P002-A07,Swab,21.07,0.008125,Pre-Control,1,CK123,24/06/2021,2,DA4
DA4-A10,Snowy River,-37.21577416,148.36814,CK126,P002-A10,Swab,14.4,0.026912,Pre-Control,1,CK126,24/06/2021,3,DA4
DA4-A11,Snowy River,-37.21504751,148.3686228,CK127,P002-A11,Swab,21.02,0.470143,Pre-Control,1,CK127,24/06/2021,2,DA4
DA4-A12,Snowy River,-37.2150086,148.36887,CK128,P002-A12,Swab,26.25,0.406423,Pre-Control,1,CK128,24/06/2021,3,DA4
DA2-B06,Snowy River,-37.21447827,148.370303,CK129,P002-B01,Swab,-2.163,0.299563,Pre-Control,1,CK129,24/06/2021,2,DA2
DA4-B01,Snowy River,-37.21447827,148.370303,CK129,P002-B01,Swab,2.246,0.299563,Pre-Control,1,CK129,24/06/2021,2,DA4
DA10-D06,Snowy River,-37.20633095,148.3671131,CK12B,P008-D06,Swab,16.6,0.019965,Pre-Control,2,CK12B,12/07/2021,3,DA10
DA8-G09,Snowy River,-37.21367757,148.3670541,CK12C,P006-G09,Swab,19.04,0.022285,Pre-Control,3,CK12C,9/08/2021,3,DA8
DA3-A07,Snowy River,-37.1951521,148.3484336,CK13,P001-A07,Swab,23.45,0.040043,Pre-Control,1,CK13,22/06/2021,3,DA3
DA12-B10,Snowy River,-37.21484446,148.3698137,CK130,P002-B02,Swab,15.17,0.089464,Pre-Control,1,CK130,24/06/2021,1,DA12
DA4-B02,Snowy River,-37.21484446,148.3698137,CK130,P002-B02,Swab,11.25,0.089464,Pre-Control,1,CK130,24/06/2021,1,DA4
DA10-E06,Snowy River,-37.20649628,148.3668456,CK13B,P008-E06,Swab,18.94,0.023906,Pre-Control,2,CK13B,12/07/2021,2,DA10
DA8-A10,Snowy River,-37.2145201,148.3674637,CK13C,P006-A10,Swab,15.43,0.01934,Pre-Control,3,CK13C,9/08/2021,2,DA8
DA3-A08,Snowy River,-37.19478993,148.3477849,CK14,P001-A08,Swab,24.51,0.075543,Pre-Control,1,CK14,22/06/2021,2,DA3
DA10-F06,Snowy River,-37.20701094,148.3659872,CK14B,P008-F06,Swab,21.29,0,Pre-Control,2,CK14B,12/07/2021,3,DA10
DA8-B10,Snowy River,-37.21477203,148.3675021,CK14C,P006-B10,Swab,16.3,0.116005,Pre-Control,3,CK14C,9/08/2021,3,DA8
DA3-A09,Snowy River,-37.19447734,148.3475315,CK15,P001-A09,Swab,42.38,0.100391,Pre-Control,1,CK15,22/06/2021,3,DA3
DA10-G06,Snowy River,-37.20969434,148.3630831,CK15B,P008-G06,Swab,19.26,0.017698,Pre-Control,2,CK15B,12/07/2021,3,DA10
DA8-C10,Snowy River,-37.21519847,148.3680395,CK15C,P006-C10,Swab,19.28,0.038406,Pre-Control,3,CK15C,9/08/2021,3,DA8
DA3-A10,Snowy River,-37.19447773,148.3474977,CK16,P001-A10,Swab,28.89,0.135478,Pre-Control,1,CK16,22/06/2021,3,DA3
DA10-H06,Snowy River,-37.21181757,148.3634255,CK16B,P008-H06,Swab,12.44,0.001436,Pre-Control,2,CK16B,12/07/2021,3,DA10
DA8-D10,Snowy River,-37.21812505,148.3698392,CK16C,P006-D10,Swab,10.64,0.005583,Pre-Control,3,CK16C,9/08/2021,2,DA8
DA3-A11,Snowy River,-37.19422873,148.3472004,CK17,P001-A11,Swab,14.22,26.45817,Pre-Control,1,CK17,22/06/2021,3,DA3
DA10-A07,Snowy River,-37.21186943,148.3636181,CK17B,P008-A07,Swab,16.9,0.004406,Pre-Control,2,CK17B,12/07/2021,3,DA10
DA8-E10,Snowy River,-37.22050291,148.3699837,CK17C,P006-E10,Swab,9.735,0.011155,Pre-Control,3,CK17C,9/08/2021,2,DA8
DA3-A12,Snowy River,-37.19404965,148.3470958,CK18,P001-A12,Swab,25.6,27.21721,Pre-Control,1,CK18,22/06/2021,2,DA3
DA10-B07,Snowy River,-37.21296354,148.3664439,CK18B,P008-B07,Swab,8.766,0.008864,Pre-Control,2,CK18B,12/07/2021,2,DA10
DA8-F10,Snowy River,-37.22272478,148.3680289,CK18C,P006-F10,Swab,18.7,0.073893,Pre-Control,3,CK18C,9/08/2021,3,DA8
DA2-B05,Snowy River,-37.19397897,148.3469706,CK19,P001-B01,Swab,2.362,0.312152,Pre-Control,1,CK19,22/06/2021,3,DA2
DA3-B01,Snowy River,-37.19397897,148.3469706,CK19,P001-B01,Swab,19.66,0.312152,Pre-Control,1,CK19,22/06/2021,3,DA3
DA10-C07,Snowy River,-37.21326079,148.3664605,CK19B,P008-C07,Swab,23.71,0.048013,Pre-Control,2,CK19B,12/07/2021,3,DA10
DA8-G10,Snowy River,-37.22313131,148.3671683,CK19C,P006-G10,Swab,24.89,0.034651,Pre-Control,3,CK19C,9/08/2021,3,DA8
DA2-B02,Snowy River,-37.19981971,148.3682013,CK2,L001-002,Swab,3.207,0.032969,Pre-Control,1,CK2,22/06/2021,2,DA2
DA12-B11,Snowy River,-37.19391653,148.3469131,CK20,P001-B02,Swab,20.64,0.293842,Pre-Control,1,CK20,22/06/2021,2,DA12
DA3-B02,Snowy River,-37.19391653,148.3469131,CK20,P001-B02,Swab,21.82,0.293842,Pre-Control,1,CK20,22/06/2021,2,DA3
DA10-D07,Snowy River,-37.21340692,148.3662941,CK20B,P008-D07,Swab,21.44,0.012168,Pre-Control,2,CK20B,12/07/2021,2,DA10
DA8-A11,Snowy River,-37.22324699,148.3665167,CK20C,P006-A11,Swab,2.742,0.023587,Pre-Control,3,CK20C,9/08/2021,2,DA8
DA12-B12,Snowy River,-37.19374633,148.34682,CK21,P001-B03,Swab,25.95,0.325392,Pre-Control,1,CK21,22/06/2021,2,DA12
DA3-B03,Snowy River,-37.19374633,148.34682,CK21,P001-B03,Swab,25.92,0.325392,Pre-Control,1,CK21,22/06/2021,2,DA3
DA10-E07,Snowy River,-37.21359083,148.3667595,CK21B,P008-E07,Swab,12.02,0.019241,Pre-Control,2,CK21B,12/07/2021,2,DA10
DA8-B11,Snowy River,-37.22344182,148.3660356,CK21C,P006-B11,Swab,3.888,0.188944,Pre-Control,3,CK21C,9/08/2021,2,DA8
DA3-B04,Snowy River,-37.19367488,148.3467624,CK22,P001-B04,Swab,31.08,0.337219,Pre-Control,1,CK22,22/06/2021,2,DA3
DA10-F07,Snowy River,-37.21522303,148.368254,CK22B,P008-F07,Swab,18.51,0.001985,Pre-Control,2,CK22B,12/07/2021,2,DA10
DA8-C11,Snowy River,-37.22331938,148.3649288,CK22C,P006-C11,Swab,17.26,0.370025,Pre-Control,3,CK22C,9/08/2021,3,DA8
DA3-B05,Snowy River,-37.19346206,148.3464544,CK23,P001-B05,Swab,6.245,0.212071,Pre-Control,1,CK23,22/06/2021,3,DA3
DA10-G07,Snowy River,-37.21574192,148.3685902,CK23B,P008-G07,Swab,22.37,0.000568,Pre-Control,2,CK23B,12/07/2021,2,DA10
DA8-D11,Snowy River,-37.22298577,148.3641563,CK23C,P006-D11,Swab,2.565,0.087006,Pre-Control,3,CK23C,9/08/2021,3,DA8
DA3-B06,Snowy River,-37.19343694,148.3462849,CK24,P001-B06,Swab,10.18,0.039192,Pre-Control,1,CK24,22/06/2021,3,DA3
DA10-H07,Snowy River,-37.21811603,148.3698391,CK24B,P008-H07,Swab,22.88,0.018425,Pre-Control,2,CK24B,12/07/2021,3,DA10
DA8-E11,Snowy River,-37.20334414,148.368186,CK24C,P006-E11,Swab,10.14,0.011749,Pre-Control,3,CK24C,10/08/2021,3,DA8
DA3-B07,Snowy River,-37.19312051,148.3463695,CK25,P001-B07,Swab,20.25,0.048522,Pre-Control,1,CK25,22/06/2021,2,DA3
DA10-A08,Snowy River,-37.21819675,148.3698743,CK25B,P008-A08,Swab,20,0.061247,Pre-Control,2,CK25B,12/07/2021,2,DA10
DA8-F11,Snowy River,-37.20526804,148.3639275,CK25C,P006-F11,Swab,6.251,0.026437,Pre-Control,3,CK25C,10/08/2021,3,DA8
DA3-B08,Snowy River,-37.19254761,148.3460213,CK26,P001-B08,Swab,23.36,0.072392,Pre-Control,1,CK26,22/06/2021,3,DA3
DA10-B08,Snowy River,-37.21828491,148.370045,CK26B,P008-B08,Swab,22.7,0.038847,Pre-Control,2,CK26B,12/07/2021,3,DA10
DA8-G11,Snowy River,-37.2052073,148.3637235,CK26C,P006-G11,Swab,19.24,0.010236,Pre-Control,3,CK26C,10/08/2021,3,DA8
DA3-B09,Snowy River,-37.19219124,148.3456544,CK27,P001-B09,Swab,24.71,0.121794,Pre-Control,1,CK27,22/06/2021,3,DA3
DA10-C08,Snowy River,-37.22006736,148.370235,CK27B,P008-C08,Swab,14.7,0.000242,Pre-Control,2,CK27B,12/07/2021,3,DA10
DA8-A12,Snowy River,-37.21052456,148.3614302,CK27C,P006-A12,Swab,18.43,0.004877,Pre-Control,3,CK27C,10/08/2021,2,DA8
DA3-B10,Snowy River,-37.19220038,148.3456433,CK28,P001-B10,Swab,25.57,0.076248,Pre-Control,1,CK28,22/06/2021,2,DA3
DA10-D08,Snowy River,-37.2195281,148.3701013,CK28B,P008-D08,Swab,20.14,0.015965,Pre-Control,2,CK28B,12/07/2021,3,DA10
DA8-B12,Snowy River,-37.21120853,148.3615213,CK28C,P006-B12,Swab,23.6,0.089878,Pre-Control,3,CK28C,10/08/2021,3,DA8
DA3-B11,Snowy River,-37.19212081,148.3455067,CK29,P001-B11,Swab,9.165,0.067668,Pre-Control,1,CK29,22/06/2021,3,DA3
DA10-E08,Snowy River,-37.22014167,148.3700448,CK29B,P008-E08,Swab,20.89,0.085998,Pre-Control,2,CK29B,12/07/2021,2,DA10
DA8-C12,Snowy River,-37.2120153,148.3619077,CK29C,P006-C12,Swab,15.23,0.155867,Pre-Control,3,CK29C,10/08/2021,2,DA8
DA2-C02,Snowy River,-37.19975061,148.3679409,CK3,L001-003,Swab,6.289,1.370894,Pre-Control,1,CK3,22/06/2021,3,DA2
DA3-B12,Snowy River,-37.19180706,148.3453547,CK30,P001-B12,Swab,22.9,0.382044,Pre-Control,1,CK30,22/06/2021,2,DA3
DA10-F08,Snowy River,-37.22038511,148.3700379,CK30B,P008-F08,Swab,22.05,0.064807,Pre-Control,2,CK30B,12/07/2021,2,DA10
DA8-D12,Snowy River,-37.21469301,148.3649762,CK30C,P006-D12,Swab,20.01,0.061673,Pre-Control,3,CK30C,10/08/2021,2,DA8
DA2-C05,Snowy River,-37.19136134,148.3449187,CK31,P001-C01,Swab,7.624,0.705056,Pre-Control,1,CK31,22/06/2021,3,DA2
DA3-C01,Snowy River,-37.19136134,148.3449187,CK31,P001-C01,Swab,33,0.705056,Pre-Control,1,CK31,22/06/2021,3,DA3
DA10-G08,Snowy River,-37.22066642,148.3698739,CK31B,P008-G08,Swab,9.245,0.0463,Pre-Control,2,CK31B,12/07/2021,1,DA10
DA8-E12,Snowy River,-37.21692709,148.3674283,CK31C,P006-E12,Swab,4.536,0.008593,Pre-Control,3,CK31C,10/08/2021,2,DA8
DA12-C11,Snowy River,-37.19131641,148.3449066,CK32,P001-C02,Swab,17.54,0.345914,Pre-Control,1,CK32,22/06/2021,3,DA12
DA3-C02,Snowy River,-37.19131641,148.3449066,CK32,P001-C02,Swab,28.64,0.345914,Pre-Control,1,CK32,22/06/2021,3,DA3
DA10-H08,Snowy River,-37.22303508,148.3676964,CK32B,P008-H08,Swab,11.08,0.003786,Pre-Control,2,CK32B,12/07/2021,2,DA10
DA8-F12,Snowy River,-37.21803593,148.3681921,CK32C,P006-F12,Swab,6.436,0.008573,Pre-Control,3,CK32C,10/08/2021,3,DA8
DA12-C12,Snowy River,-37.19106703,148.344643,CK33,P001-C03,Swab,17.38,0.372808,Pre-Control,1,CK33,22/06/2021,3,DA12
DA3-C03,Snowy River,-37.19106703,148.344643,CK33,P001-C03,Swab,34.99,0.372808,Pre-Control,1,CK33,22/06/2021,3,DA3
DA10-A09,Snowy River,-37.22323762,148.3673281,CK33B,P008-A09,Swab,19.76,0.121971,Pre-Control,2,CK33B,12/07/2021,2,DA10
DA8-G12,Snowy River,-37.21803593,148.3681921,CK33C,P006-G12,Swab,7.963,0.002462,Pre-Control,3,CK33C,10/08/2021,3,DA8
DA3-C04,Snowy River,-37.18978973,148.3436177,CK34,P001-C04,Swab,16.29,0.03144,Pre-Control,1,CK34,22/06/2021,3,DA3
DA10-B09,Snowy River,-37.22332233,148.3662363,CK34B,P008-B09,Swab,13.25,0.058944,Pre-Control,2,CK34B,12/07/2021,1,DA10
DA2-B11,Snowy River,-37.21859256,148.3683825,CK34C,P007-B01,Swab,0.6447,0.203491,Pre-Control,3,CK34C,10/08/2021,3,DA2
DA9-B01,Snowy River,-37.21859256,148.3683825,CK34C,P007-B01,Swab,2.42,0.203491,Pre-Control,3,CK34C,10/08/2021,3,DA9
DA3-C05,Snowy River,-37.18926188,148.3432704,CK35,P001-C05,Swab,7.504,0.087949,Pre-Control,1,CK35,22/06/2021,3,DA3
DA10-C09,Snowy River,-37.22326328,148.3658858,CK35B,P008-C09,Swab,24.83,0.024054,Pre-Control,2,CK35B,12/07/2021,2,DA10
DA2-C11,Snowy River,-37.21899716,148.3684687,CK35C,P007-C01,Swab,1.411,0.077802,Pre-Control,3,CK35C,10/08/2021,3,DA2
DA9-C01,Snowy River,-37.21899716,148.3684687,CK35C,P007-C01,Swab,5.523,0.077802,Pre-Control,3,CK35C,10/08/2021,3,DA9
DA3-C06,Snowy River,-37.1866429,148.3413313,CK36,P001-C06,Swab,7.22,0.003305,Pre-Control,1,CK36,22/06/2021,2,DA3
DA10-D09,Snowy River,-37.2231648,148.3658277,CK36B,P008-D09,Swab,1.402,0.053177,Pre-Control,2,CK36B,12/07/2021,1,DA10
DA2-D11,Snowy River,-37.21916539,148.368731,CK36C,P007-D01,Swab,3.104,0.279837,Pre-Control,3,CK36C,10/08/2021,3,DA2
DA9-D01,Snowy River,-37.21916539,148.368731,CK36C,P007-D01,Swab,15.17,0.279837,Pre-Control,3,CK36C,10/08/2021,3,DA9
DA2-G02,Snowy River,-37.20487458,148.3644387,CK37,L001-007,Swab,2.52,0.325262,Pre-Control,1,CK37,22/06/2021,2,DA2
DA10-E09,Snowy River,-37.22318773,148.3630554,CK37B,P008-E09,Swab,10.92,0.058833,Pre-Control,2,CK37B,12/07/2021,1,DA10
DA2-E11,Snowy River,-37.22049229,148.3685634,CK37C,P007-E01,Swab,2.761,0.228159,Pre-Control,3,CK37C,10/08/2021,3,DA2
DA9-E01,Snowy River,-37.22049229,148.3685634,CK37C,P007-E01,Swab,11.34,0.228159,Pre-Control,3,CK37C,10/08/2021,3,DA9
DA2-H02,Snowy River,-37.2051979,148.3637572,CK38,L001-008,Swab,3.524,1.571953,Pre-Control,1,CK38,22/06/2021,3,DA2
DA10-F09,Snowy River,-37.20294476,148.3684267,CK38B,P008-F09,Swab,23.79,0.006273,Pre-Control,2,CK38B,13/07/2021,3,DA10
DA2-F11,Snowy River,-37.22128176,148.3681043,CK38C,P007-F01,Swab,3.185,0.041825,Pre-Control,3,CK38C,10/08/2021,3,DA2
DA9-F01,Snowy River,-37.22128176,148.3681043,CK38C,P007-F01,Swab,14.2,0.041825,Pre-Control,3,CK38C,10/08/2021,3,DA9
DA2-A03,Snowy River,-37.20525145,148.3638032,CK39,L001-009,Swab,6.438,0.786709,Pre-Control,1,CK39,22/06/2021,3,DA2
DA10-G09,Snowy River,-37.20375668,148.367585,CK39B,P008-G09,Swab,16.75,0.032332,Pre-Control,2,CK39B,13/07/2021,2,DA10
DA2-G11,Snowy River,-37.22125759,148.3678559,CK39C,P007-G01,Swab,2.574,0.037918,Pre-Control,3,CK39C,10/08/2021,3,DA2
DA9-G01,Snowy River,-37.22125759,148.3678559,CK39C,P007-G01,Swab,10.73,0.037918,Pre-Control,3,CK39C,10/08/2021,3,DA9
DA10-C05,Snowy River,-37.2011492,148.371707,CK3B,P008-C05,Swab,16.35,0.036368,Pre-Control,2,CK3B,12/07/2021,2,DA10
DA2-D02,Snowy River,-37.1996495,148.3673306,CK4,L001-004,Swab,8.341,0.674909,Pre-Control,1,CK4,22/06/2021,3,DA2
DA2-B03,Snowy River,-37.20526033,148.3638146,CK40,L001-010,Swab,5.365,0.640497,Pre-Control,1,CK40,22/06/2021,3,DA2
DA10-H09,Snowy River,-37.20390633,148.3671144,CK40B,P008-H09,Swab,6.837,0.006821,Pre-Control,2,CK40B,13/07/2021,3,DA10
DA2-H11,Snowy River,-37.22151278,148.3676125,CK40C,P007-H01,Swab,3.452,0.290299,Pre-Control,3,CK40C,10/08/2021,2,DA2
DA9-H01,Snowy River,-37.22151278,148.3676125,CK40C,P007-H01,Swab,20.11,0.290299,Pre-Control,3,CK40C,10/08/2021,2,DA9
DA10-A10,Snowy River,-37.20393518,148.3669572,CK41B,P008-A10,Swab,20.86,0.06619,Pre-Control,2,CK41B,13/07/2021,3,DA10
DA12-A05,Snowy River,-37.22193642,148.3668312,CK41C,P007-A02,Swab,13.12,0.01759,Pre-Control,3,CK41C,10/08/2021,2,DA12
DA9-A02,Snowy River,-37.22193642,148.3668312,CK41C,P007-A02,Swab,11.31,0.01759,Pre-Control,3,CK41C,10/08/2021,2,DA9
DA2-D03,Snowy River,-37.20532899,148.3633313,CK42,L001-012,Swab,3.178,0.813136,Pre-Control,1,CK42,22/06/2021,3,DA2
DA10-B10,Snowy River,-37.20400949,148.366767,CK42B,P008-B10,Swab,19.32,0.008801,Pre-Control,2,CK42B,13/07/2021,3,DA10
DA12-B05,Snowy River,-37.22168262,148.3661729,CK42C,P007-B02,Swab,13.39,0.016083,Pre-Control,3,CK42C,10/08/2021,3,DA12
DA9-B02,Snowy River,-37.22168262,148.3661729,CK42C,P007-B02,Swab,9.721,0.016083,Pre-Control,3,CK42C,10/08/2021,3,DA9
DA3-C07,Snowy River,-37.20530221,148.3633083,CK43,P001-C07,Swab,18.38,0.148358,Pre-Control,1,CK43,22/06/2021,3,DA3
DA10-C10,Snowy River,-37.20415103,148.3662174,CK43B,P008-C10,Swab,19.8,0.083233,Pre-Control,2,CK43B,13/07/2021,3,DA10
DA12-C05,Snowy River,-37.22149776,148.3650087,CK43C,P007-C02,Swab,17.42,0.027017,Pre-Control,3,CK43C,10/08/2021,3,DA12
DA9-C02,Snowy River,-37.22149776,148.3650087,CK43C,P007-C02,Swab,12.42,0.027017,Pre-Control,3,CK43C,10/08/2021,3,DA9
DA3-C08,Snowy River,-37.20577574,148.3628886,CK44,P001-C08,Swab,2.625,0.001762,Pre-Control,1,CK44,22/06/2021,2,DA3
DA10-D10,Snowy River,-37.20516393,148.3635763,CK44B,P008-D10,Swab,11.42,0.027768,Pre-Control,2,CK44B,13/07/2021,1,DA10
DA12-D05,Snowy River,-37.22171307,148.3643137,CK44C,P007-D02,Swab,9.754,0.010131,Pre-Control,3,CK44C,10/08/2021,2,DA12
DA9-D02,Snowy River,-37.22171307,148.3643137,CK44C,P007-D02,Swab,9.675,0.010131,Pre-Control,3,CK44C,10/08/2021,2,DA9
DA3-C09,Snowy River,-37.20578385,148.3629676,CK45,P001-C09,Swab,27.03,0.142813,Pre-Control,1,CK45,22/06/2021,3,DA3
DA10-E10,Snowy River,-37.20610878,148.3629284,CK45B,P008-E10,Swab,9.825,0.000136,Pre-Control,2,CK45B,13/07/2021,2,DA10
DA12-E05,Snowy River,-37.22171372,148.3642574,CK45C,P007-E02,Swab,9.647,0.01251,Pre-Control,3,CK45C,10/08/2021,3,DA12
DA9-E02,Snowy River,-37.22171372,148.3642574,CK45C,P007-E02,Swab,4.191,0.01251,Pre-Control,3,CK45C,10/08/2021,3,DA9
DA3-C10,Snowy River,-37.20633809,148.3625832,CK46,P001-C10,Swab,22.21,0.161417,Pre-Control,1,CK46,22/06/2021,2,DA3
DA10-F10,Snowy River,-37.20601186,148.3627351,CK46B,P008-F10,Swab,19.71,0.001443,Pre-Control,2,CK46B,13/07/2021,3,DA10
DA12-F05,Snowy River,-37.22220839,148.3620008,CK46C,P007-F02,Swab,18.16,0.420621,Pre-Control,3,CK46C,10/08/2021,2,DA12
DA9-F02,Snowy River,-37.22220839,148.3620008,CK46C,P007-F02,Swab,17.99,0.420621,Pre-Control,3,CK46C,10/08/2021,2,DA9
DA3-C11,Snowy River,-37.2063565,148.3625497,CK47,P001-C11,Swab,14.58,0.261643,Pre-Control,1,CK47,22/06/2021,2,DA3
DA10-G10,Snowy River,-37.20624655,148.3627055,CK47B,P008-G10,Swab,4.039,0.010225,Pre-Control,2,CK47B,13/07/2021,2,DA10
DA12-G05,Snowy River,-37.22297884,148.3608425,CK47C,P007-G02,Swab,39.3,0.223722,Pre-Control,3,CK47C,10/08/2021,3,DA12
DA9-G02,Snowy River,-37.22297884,148.3608425,CK47C,P007-G02,Swab,14.38,0.223722,Pre-Control,3,CK47C,10/08/2021,3,DA9
DA3-C12,Snowy River,-37.2067838,148.3622306,CK48,P001-C12,Swab,6.011,0.102598,Pre-Control,1,CK48,22/06/2021,2,DA3
DA10-H10,Snowy River,-37.20925121,148.3616439,CK48B,P008-H10,Swab,20.44,0.029977,Pre-Control,2,CK48B,13/07/2021,1,DA10
DA12-H05,Snowy River,-37.22332412,148.3606007,CK48C,P007-H02,Swab,55.37,0.163295,Pre-Control,3,CK48C,10/08/2021,3,DA12
DA9-H02,Snowy River,-37.22332412,148.3606007,CK48C,P007-H02,Swab,120.1,0.163295,Pre-Control,3,CK48C,10/08/2021,3,DA9
DA2-D05,Snowy River,-37.2067932,148.362197,CK49,P001-D01,Swab,0.2693,0.043243,Pre-Control,1,CK49,22/06/2021,3,DA2
DA3-D01,Snowy River,-37.2067932,148.362197,CK49,P001-D01,Swab,6.15,0.043243,Pre-Control,1,CK49,22/06/2021,3,DA3
DA10-A11,Snowy River,-37.21256034,148.3623232,CK49B,P008-A11,Swab,5.711,0.010302,Pre-Control,2,CK49B,13/07/2021,1,DA10
DA9-A03,Snowy River,-37.22742509,148.3566842,CK49C,P007-A03,Swab,17.77,0.243068,Pre-Control,3,CK49C,10/08/2021,3,DA9
DA10-D05,Snowy River,-37.20229684,148.2704277,CK4B,P008-D05,Swab,16.75,0.032572,Pre-Control,2,CK4B,12/07/2021,2,DA10
DA2-E02,Snowy River,-37.19966059,148.3671505,CK5,L001-005,Swab,2.98,1.281955,Pre-Control,1,CK5,22/06/2021,3,DA2
DA12-D11,Snowy River,-37.20707217,148.3622358,CK50,P001-D02,Swab,4.823,0.074936,Pre-Control,1,CK50,22/06/2021,3,DA12
DA3-D02,Snowy River,-37.20707217,148.3622358,CK50,P001-D02,Swab,0.6209,0.074936,Pre-Control,1,CK50,22/06/2021,3,DA3
DA10-B11,Snowy River,-37.21548425,148.3659259,CK50B,P008-B11,Swab,13.81,0.004249,Pre-Control,2,CK50B,13/07/2021,1,DA10
DA9-B03,Snowy River,-37.22748019,148.356595,CK50C,P007-B03,Swab,3.75,0.020567,Pre-Control,3,CK50C,10/08/2021,3,DA9
DA12-D12,Snowy River,-37.20409748,148.3661713,CK51,P001-D03,Swab,22.33,0.135771,Pre-Control,1,CK51,23/06/2021,3,DA12
DA3-D03,Snowy River,-37.20409748,148.3661713,CK51,P001-D03,Swab,130.4,0.135771,Pre-Control,1,CK51,23/06/2021,3,DA3
DA10-C11,Snowy River,-37.21559802,148.3662209,CK51B,P008-C11,Swab,23.59,0.031303,Pre-Control,2,CK51B,13/07/2021,2,DA10
DA9-C03,Snowy River,-37.22764576,148.3563049,CK51C,P007-C03,Swab,17.09,0.035743,Pre-Control,3,CK51C,10/08/2021,2,DA9
DA3-D04,Snowy River,-37.20414345,148.3660933,CK52,P001-D04,Swab,23.99,0.03142,Pre-Control,1,CK52,23/06/2021,3,DA3
DA10-D11,Snowy River,-37.21599375,148.3662957,CK52B,P008-D11,Swab,27.25,0.033539,Pre-Control,2,CK52B,13/07/2021,1,DA10
DA9-D03,Snowy River,-37.22769817,148.3556634,CK52C,P007-D03,Swab,15.92,0.050389,Pre-Control,3,CK52C,10/08/2021,3,DA9
DA3-D05,Snowy River,-37.20431804,148.3658034,CK53,P001-D05,Swab,6.886,0.037026,Pre-Control,1,CK53,23/06/2021,3,DA3
DA10-E11,Snowy River,-37.21602993,148.3662851,CK53B,P008-E11,Swab,12.52,0.668743,Pre-Control,2,CK53B,13/07/2021,2,DA10
DA9-E03,Snowy River,-37.22684493,148.3538221,CK53C,P007-E03,Swab,8.331,0.05646,Pre-Control,3,CK53C,10/08/2021,2,DA9
DA3-D06,Snowy River,-37.20535933,148.3638277,CK54,P001-D06,Swab,13.09,0.003052,Pre-Control,1,CK54,23/06/2021,2,DA3
DA10-F11,Snowy River,-37.21660003,148.3668701,CK54B,P008-F11,Swab,22,0.069652,Pre-Control,2,CK54B,13/07/2021,2,DA10
DA9-F03,Snowy River,-37.22635922,148.3521565,CK54C,P007-F03,Swab,15.33,0.103434,Pre-Control,3,CK54C,10/08/2021,3,DA9
DA3-D07,Snowy River,-37.20539615,148.3637607,CK55,P001-D07,Swab,13.54,0.058458,Pre-Control,1,CK55,23/06/2021,2,DA3
DA10-G11,Snowy River,-37.21660918,148.366859,CK55B,P008-G11,Swab,158.3,0.014842,Pre-Control,2,CK55B,13/07/2021,2,DA10
DA9-G03,Snowy River,-37.22597082,148.3530174,CK55C,P007-G03,Swab,7.198,0.002187,Pre-Control,3,CK55C,10/08/2021,2,DA9
DA3-D08,Snowy River,-37.20548808,148.3636046,CK56,P001-D08,Swab,12.34,0.19663,Pre-Control,1,CK56,23/06/2021,2,DA3
DA10-H11,Snowy River,-37.21732177,148.3675932,CK56B,P008-H11,Swab,26.36,0.089326,Pre-Control,2,CK56B,13/07/2021,2,DA10
DA9-H03,Snowy River,-37.22599734,148.353063,CK56C,P007-H03,Swab,20.87,0.092023,Pre-Control,3,CK56C,10/08/2021,2,DA9
DA3-D09,Snowy River,-37.2062446,148.3628745,CK57,P001-D09,Swab,21.02,0.02439,Pre-Control,1,CK57,23/06/2021,3,DA3
DA10-A12,Snowy River,-37.21745525,148.3677421,CK57B,P008-A12,Swab,21.83,0.026053,Pre-Control,2,CK57B,13/07/2021,3,DA10
DA9-A04,Snowy River,-37.22613586,148.3535614,CK57C,P007-A04,Swab,8.577,0.005537,Pre-Control,3,CK57C,10/08/2021,2,DA9
DA3-D10,Snowy River,-37.20717233,148.3621475,CK58,P001-D10,Swab,6.05,0.053266,Pre-Control,1,CK58,23/06/2021,2,DA3
DA10-B12,Snowy River,-37.21787658,148.3679413,CK58B,P008-B12,Swab,23,0.02467,Pre-Control,2,CK58B,13/07/2021,1,DA10
DA9-B04,Snowy River,-37.1997684,148.3687412,CK58C,P007-B04,Swab,5.83,0.0171,Pre-Control,3,CK58C,11/08/2021,3,DA9
DA3-D11,Snowy River,-37.20732657,148.3620601,CK59,P001-D11,Swab,11.51,0.286055,Pre-Control,1,CK59,23/06/2021,3,DA3
DA10-C12,Snowy River,-37.2180371,148.3680907,CK59B,P008-C12,Swab,15.91,0.028741,Pre-Control,2,CK59B,13/07/2021,2,DA10
DA9-C04,Snowy River,-37.19955093,148.3680612,CK59C,P007-C04,Swab,12.78,0.076252,Pre-Control,3,CK59C,11/08/2021,3,DA9
DA10-E05,Snowy River,-37.20149125,148.371747,CK5B,P008-E05,Swab,19.18,0.018666,Pre-Control,2,CK5B,12/07/2021,2,DA10
DA3-D12,Snowy River,-37.21017311,148.3614238,CK60,P001-D12,Swab,20.3,0.75338,Pre-Control,1,CK60,23/06/2021,3,DA3
DA10-D12,Snowy River,-37.21810005,148.3681031,CK60B,P008-D12,Swab,22.84,0.22459,Pre-Control,2,CK60B,13/07/2021,1,DA10
DA9-D04,Snowy River,-37.20013606,148.3642182,CK60C,P007-D04,Swab,12.96,0.016825,Pre-Control,3,CK60C,11/08/2021,3,DA9
DA2-E05,Snowy River,-37.21090266,148.3614708,CK61,P001-E01,Swab,2.948,0.071351,Pre-Control,1,CK61,23/06/2021,3,DA2
DA3-E01,Snowy River,-37.21090266,148.3614708,CK61,P001-E01,Swab,19.94,0.071351,Pre-Control,1,CK61,23/06/2021,3,DA3
DA10-E12,Snowy River,-37.21863134,148.3681465,CK61B,P008-E12,Swab,21.49,0.033647,Pre-Control,2,CK61B,13/07/2021,2,DA10
DA9-E04,Snowy River,-37.20103675,148.3619245,CK61C,P007-E04,Swab,2.668,0.001919,Pre-Control,3,CK61C,11/08/2021,3,DA9
DA12-E11,Snowy River,-37.21389573,148.3637672,CK62,P001-E02,Swab,10.57,0.099478,Pre-Control,1,CK62,23/06/2021,3,DA12
DA3-E02,Snowy River,-37.21389573,148.3637672,CK62,P001-E02,Swab,13.99,0.099478,Pre-Control,1,CK62,23/06/2021,3,DA3
DA10-F12,Snowy River,-37.2191706,148.3682803,CK62B,P008-F12,Swab,16.28,0.011984,Pre-Control,2,CK62B,13/07/2021,2,DA10
DA9-F04,Snowy River,-37.20083208,148.3616955,CK62C,P007-F04,Swab,5.604,0.014849,Pre-Control,3,CK62C,11/08/2021,3,DA9
DA12-E12,Snowy River,-37.21427622,148.3643827,CK63,P001-E03,Swab,14.78,0.07759,Pre-Control,1,CK63,23/06/2021,2,DA12
DA3-E03,Snowy River,-37.21427622,148.3643827,CK63,P001-E03,Swab,17.34,0.07759,Pre-Control,1,CK63,23/06/2021,2,DA3
DA10-G12,Snowy River,-37.2205478,148.3684404,CK63B,P008-G12,Swab,18.89,0.008173,Pre-Control,2,CK63B,13/07/2021,2,DA10
DA9-G04,Snowy River,-37.2006306,148.3596186,CK63C,P007-G04,Swab,17.85,0.041409,Pre-Control,3,CK63C,11/08/2021,3,DA9
DA3-E04,Snowy River,-37.21459466,148.3649068,CK64,P001-E04,Swab,35.04,0.063158,Pre-Control,1,CK64,23/06/2021,3,DA3
DA11-A01,Snowy River,-37.22063817,148.3684195,CK64B,P009-A01,Swab,14.85,0.007843,Pre-Control,2,CK64B,13/07/2021,2,DA11
DA12-A01,Snowy River,-37.22063817,148.3684195,CK64B,P009-A01,Swab,6.333,0.007843,Pre-Control,2,CK64B,13/07/2021,2,DA12
DA9-H04,Snowy River,-37.20027715,148.358215,CK64C,P007-H04,Swab,8.957,0.169606,Pre-Control,3,CK64C,11/08/2021,3,DA9
DA3-E05,Snowy River,-37.21467499,148.3649759,CK65,P001-E05,Swab,16.94,0.005726,Pre-Control,1,CK65,23/06/2021,2,DA3
DA11-B01,Snowy River,-37.22105713,148.3680438,CK65B,P009-B01,Swab,6.591,0.012704,Pre-Control,2,CK65B,13/07/2021,1,DA11
DA12-B01,Snowy River,-37.22105713,148.3680438,CK65B,P009-B01,Swab,7.604,0.012704,Pre-Control,2,CK65B,13/07/2021,1,DA12
DA9-A05,Snowy River,-37.19969466,148.3571342,CK65C,P007-A05,Swab,7.428,0.014148,Pre-Control,3,CK65C,11/08/2021,3,DA9
DA3-E06,Snowy River,-37.21514389,148.3657394,CK66,P001-E06,Swab,9.105,0.003066,Pre-Control,1,CK66,23/06/2021,3,DA3
DA11-C01,Snowy River,-37.22146444,148.3671157,CK66B,P009-C01,Swab,12.1,0.042533,Pre-Control,2,CK66B,13/07/2021,3,DA11
DA12-C01,Snowy River,-37.22146444,148.3671157,CK66B,P009-C01,Swab,18.21,0.042533,Pre-Control,2,CK66B,13/07/2021,3,DA12
DA9-B05,Snowy River,-37.19856478,148.3542633,CK66C,P007-B05,Swab,5.314,0.115257,Pre-Control,3,CK66C,11/08/2021,2,DA9
DA3-E07,Snowy River,-37.21529527,148.3658999,CK67,P001-E07,Swab,20.26,0.003142,Pre-Control,1,CK67,23/06/2021,3,DA3
DA11-D01,Snowy River,-37.22156486,148.3670048,CK67B,P009-D01,Swab,18.73,0.076526,Pre-Control,2,CK67B,13/07/2021,2,DA11
DA12-D01,Snowy River,-37.22156486,148.3670048,CK67B,P009-D01,Swab,19.62,0.076526,Pre-Control,2,CK67B,13/07/2021,2,DA12
DA9-C05,Snowy River,-37.1972559,148.3520653,CK67C,P007-C05,Swab,17.39,0.03403,Pre-Control,3,CK67C,11/08/2021,3,DA9
DA3-E08,Snowy River,-37.2155638,148.3660625,CK68,P001-E08,Swab,23.72,0.114325,Pre-Control,1,CK68,23/06/2021,3,DA3
DA11-E01,Snowy River,-37.22166001,148.3657893,CK68B,P009-E01,Swab,11.23,0.05692,Pre-Control,2,CK68B,13/07/2021,3,DA11
DA12-E01,Snowy River,-37.22166001,148.3657893,CK68B,P009-E01,Swab,11.47,0.05692,Pre-Control,2,CK68B,13/07/2021,3,DA12
DA9-D05,Snowy River,-37.19692723,148.3516425,CK68C,P007-D05,Swab,11.33,0.004971,Pre-Control,3,CK68C,11/08/2021,2,DA9
DA3-E09,Snowy River,-37.21573307,148.3662346,CK69,P001-E09,Swab,14.61,0.110429,Pre-Control,1,CK69,23/06/2021,2,DA3
DA12-F01,Snowy River,-37.22157213,148.3640294,CK69B,P009-F01,Swab,1.847,0.053877,Pre-Control,2,CK69B,13/07/2021,1,DA12
DA9-E05,Snowy River,-37.193709,148.346932,CK69C,P007-E05,Swab,10.38,0.084238,Pre-Control,3,CK69C,11/08/2021,3,DA9
DA10-F05,Snowy River,-37.20149138,148.3717358,CK6B,P008-F05,Swab,21.21,0.034531,Pre-Control,2,CK6B,12/07/2021,1,DA10
DA2-A05,Snowy River,-37.19911795,148.3555464,CK7,P001-A01,Swab,3.266,0.320292,Pre-Control,1,CK7,22/06/2021,2,DA2
DA3-A01,Snowy River,-37.19911795,148.3555464,CK7,P001-A01,Swab,19.88,0.320292,Pre-Control,1,CK7,22/06/2021,2,DA3
DA3-E10,Snowy River,-37.21600237,148.3663297,CK70,P001-E10,Swab,31.68,0.453953,Pre-Control,1,CK70,23/06/2021,3,DA3
DA11-G01,Snowy River,-37.22187483,148.3635728,CK70B,P009-G01,Swab,17.97,0.021426,Pre-Control,2,CK70B,13/07/2021,2,DA11
DA12-G01,Snowy River,-37.22187483,148.3635728,CK70B,P009-G01,Swab,5.616,0.021426,Pre-Control,2,CK70B,13/07/2021,2,DA12
DA9-F05,Snowy River,-37.193709,148.346932,CK70C,P007-F05,Swab,14.08,0.036303,Pre-Control,3,CK70C,11/08/2021,2,DA9
DA3-E11,Snowy River,-37.21622337,148.3667056,CK71,P001-E11,Swab,13.77,0.832383,Pre-Control,1,CK71,23/06/2021,3,DA3
DA11-H01,Snowy River,-37.22216321,148.3620113,CK71B,P009-H01,Swab,21.14,0.032072,Pre-Control,2,CK71B,13/07/2021,2,DA11
DA12-H01,Snowy River,-37.22216321,148.3620113,CK71B,P009-H01,Swab,23.62,0.032072,Pre-Control,2,CK71B,13/07/2021,2,DA12
DA9-G05,Snowy River,-37.19346774,148.3467474,CK71C,P007-G05,Swab,6.604,0.020714,Pre-Control,3,CK71C,11/08/2021,2,DA9
DA3-E12,Snowy River,-37.21630447,148.366707,CK72,P001-E12,Swab,23.07,0.901329,Pre-Control,1,CK72,23/06/2021,3,DA3
DA11-A02,Snowy River,-37.22244671,148.3616557,CK72B,P009-A02,Swab,21.65,0.190578,Pre-Control,2,CK72B,13/07/2021,3,DA11
DA12-A02,Snowy River,-37.22244671,148.3616557,CK72B,P009-A02,Swab,19.04,0.190578,Pre-Control,2,CK72B,13/07/2021,3,DA12
DA9-H05,Snowy River,-37.19311949,148.3464596,CK72C,P007-H05,Swab,10.88,0.014024,Pre-Control,3,CK72C,11/08/2021,2,DA9
DA2-E03,Snowy River,-37.2172054,148.3675235,CK73,L001-013,Swab,2.487,0.256929,Pre-Control,1,CK73,23/06/2021,3,DA2
DA11-B02,Snowy River,-37.22297676,148.3610228,CK73B,P009-B02,Swab,9.233,0.058539,Pre-Control,2,CK73B,13/07/2021,3,DA11
DA12-B02,Snowy River,-37.22297676,148.3610228,CK73B,P009-B02,Swab,7.774,0.058539,Pre-Control,2,CK73B,13/07/2021,3,DA12
DA9-A06,Snowy River,-37.1922161,148.3458464,CK73C,P007-A06,Swab,14.81,0.029072,Pre-Control,3,CK73C,11/08/2021,3,DA9
DA2-F03,Snowy River,-37.21752826,148.3676645,CK74,L001-014,Swab,5.868,1.061063,Pre-Control,1,CK74,23/06/2021,2,DA2
DA11-C02,Snowy River,-37.22340445,148.3606698,CK74B,P009-C02,Swab,14.11,0.100281,Pre-Control,2,CK74B,13/07/2021,2,DA11
DA12-C02,Snowy River,-37.22340445,148.3606698,CK74B,P009-C02,Swab,12.76,0.100281,Pre-Control,2,CK74B,13/07/2021,2,DA12
DA9-B06,Snowy River,-37.19129864,148.3448837,CK74C,P007-B06,Swab,15.82,0.00313,Pre-Control,3,CK74C,11/08/2021,2,DA9
DA11-D02,Snowy River,-37.22753465,148.3565622,CK75B,P009-D02,Swab,8.645,0.021163,Pre-Control,2,CK75B,13/07/2021,3,DA11
DA12-D02,Snowy River,-37.22753465,148.3565622,CK75B,P009-D02,Swab,11.05,0.021163,Pre-Control,2,CK75B,13/07/2021,3,DA12
DA9-C06,Snowy River,-37.19115458,148.3448699,CK75C,P007-C06,Swab,8.171,0.006935,Pre-Control,3,CK75C,11/08/2021,3,DA9
DA2-H03,Snowy River,-37.22127913,148.3675519,CK76,L001-016,Swab,7.154,0.759047,Pre-Control,1,CK76,23/06/2021,3,DA2
DA11-E02,Snowy River,-37.22647971,148.3526546,CK76B,P009-E02,Swab,21,0.045034,Pre-Control,2,CK76B,13/07/2021,1,DA11
DA12-E02,Snowy River,-37.22647971,148.3526546,CK76B,P009-E02,Swab,18.62,0.045034,Pre-Control,2,CK76B,13/07/2021,1,DA12
DA9-D06,Snowy River,-37.19011275,148.3437473,CK76C,P007-D06,Swab,230.3,0.004346,Pre-Control,3,CK76C,11/08/2021,3,DA9
DA2-A04,Snowy River,-37.22137094,148.3674071,CK77,L001-017,Swab,8.148,0.186439,Pre-Control,1,CK77,23/06/2021,3,DA2
DA11-F02,Snowy River,-37.22651112,148.3522719,CK77B,P009-F02,Swab,9.984,0.037076,Pre-Control,2,CK77B,13/07/2021,2,DA11
DA12-F02,Snowy River,-37.22651112,148.3522719,CK77B,P009-F02,Swab,15.96,0.037076,Pre-Control,2,CK77B,13/07/2021,2,DA12
DA2-B04,Snowy River,-37.22135604,148.3671363,CK78,L001-018,Swab,1.663,0.888349,Pre-Control,1,CK78,23/06/2021,2,DA2
DA11-G02,Snowy River,-37.22620833,148.3519509,CK78B,P009-G02,Swab,18.89,0.227025,Pre-Control,2,CK78B,13/07/2021,3,DA11
DA12-G02,Snowy River,-37.22620833,148.3519509,CK78B,P009-G02,Swab,15.08,0.227025,Pre-Control,2,CK78B,13/07/2021,3,DA12
DA2-C04,Snowy River,-37.22194487,148.3660987,CK79,L001-019,Swab,11.08,5.925647,Pre-Control,1,CK79,23/06/2021,3,DA2
DA11-H02,Snowy River,-37.22580153,148.3528453,CK79B,P009-H02,Swab,19.4,0.040498,Pre-Control,2,CK79B,13/07/2021,2,DA11
DA12-H02,Snowy River,-37.22580153,148.3528453,CK79B,P009-H02,Swab,20.19,0.040498,Pre-Control,2,CK79B,13/07/2021,2,DA12
DA10-G05,Snowy River,-37.20204095,148.371757,CK7B,P008-G05,Swab,19.61,0.045862,Pre-Control,2,CK7B,12/07/2021,2,DA10
DA12-A11,Snowy River,-37.19837283,148.3544965,CK8,P001-A02,Swab,4.019,0.088679,Pre-Control,1,CK8,22/06/2021,2,DA12
DA3-A02,Snowy River,-37.19837283,148.3544965,CK8,P001-A02,Swab,4.446,0.088679,Pre-Control,1,CK8,22/06/2021,2,DA3
DA2-D04,Snowy River,-37.22161794,148.3655293,CK80,L001-020,Swab,2.096,0.378786,Pre-Control,1,CK80,23/06/2021,2,DA2
DA8-A04,Snowy River,-37.19971378,148.3680078,CK80B,P006-A04,Swab,15.24,0.169519,Pre-Control,2,CK80B,14/07/2021,1,DA8
DA2-E04,Snowy River,-37.22157089,148.3649198,CK81,L001-021,Swab,6.553,2.078,Pre-Control,1,CK81,23/06/2021,3,DA2
DA8-B04,Snowy River,-37.19971456,148.3679402,CK81B,P006-B04,Swab,14.11,0.074894,Pre-Control,2,CK81B,14/07/2021,2,DA8
DA2-F04,Snowy River,-37.22167742,148.3642793,CK82,L001-022,Swab,6.917,0.801179,Pre-Control,1,CK82,23/06/2021,2,DA2
DA8-C04,Snowy River,-37.19967913,148.3671058,CK82B,P006-C04,Swab,12.46,0.035147,Pre-Control,2,CK82B,14/07/2021,1,DA8
DA2-G04,Snowy River,-37.22187205,148.3630317,CK83,L001-023,Swab,1.569,0.193343,Pre-Control,1,CK83,23/06/2021,3,DA2
DA8-D04,Snowy River,-37.19970734,148.3670049,CK83B,P006-D04,Swab,20.58,0.032831,Pre-Control,2,CK83B,14/07/2021,2,DA8
DA2-F05,Snowy River,-37.22195912,148.3625148,CK84,P001-F01,Swab,3.699,0.077385,Pre-Control,1,CK84,23/06/2021,3,DA2
DA3-F01,Snowy River,-37.22195912,148.3625148,CK84,P001-F01,Swab,22.94,0.077385,Pre-Control,1,CK84,23/06/2021,3,DA3
DA8-E04,Snowy River,-37.19978567,148.3664654,CK84B,P006-E04,Swab,5.168,0.010226,Pre-Control,2,CK84B,14/07/2021,2,DA8
DA12-F11,Snowy River,-37.22219899,148.3620345,CK85,P001-F02,Swab,12.44,0.019252,Pre-Control,1,CK85,23/06/2021,3,DA12
DA3-F02,Snowy River,-37.22219899,148.3620345,CK85,P001-F02,Swab,8.914,0.019252,Pre-Control,1,CK85,23/06/2021,3,DA3
DA8-F04,Snowy River,-37.19985161,148.3662187,CK85B,P006-F04,Swab,8.328,0.0287,Pre-Control,2,CK85B,14/07/2021,2,DA8
DA12-F12,Snowy River,-37.22275997,148.361064,CK86,P001-F03,Swab,21.46,0.041362,Pre-Control,1,CK86,23/06/2021,2,DA12
DA3-F03,Snowy River,-37.22275997,148.361064,CK86,P001-F03,Swab,21.22,0.041362,Pre-Control,1,CK86,23/06/2021,2,DA3
DA8-G04,Snowy River,-37.19972293,148.365653,CK86B,P006-G04,Swab,20.21,0.155133,Pre-Control,2,CK86B,14/07/2021,2,DA8
DA3-F04,Snowy River,-37.22615117,148.3585212,CK87,P001-F04,Swab,11.25,0.135881,Pre-Control,1,CK87,23/06/2021,3,DA3
DA8-H04,Snowy River,-37.20067079,148.3631799,CK87B,P006-H04,Swab,5.832,0.064807,Pre-Control,2,CK87B,14/07/2021,3,DA8
DA3-F05,Snowy River,-37.22691602,148.3578474,CK88,P001-F05,Swab,16.63,0.043052,Pre-Control,1,CK88,23/06/2021,3,DA3
DA8-A05,Snowy River,-37.20066113,148.3632361,CK88B,P006-A05,Swab,16.12,0.131695,Pre-Control,2,CK88B,14/07/2021,3,DA8
DA3-F06,Snowy River,-37.22743464,148.3558503,CK89,P001-F06,Swab,15.16,0.001743,Pre-Control,1,CK89,23/06/2021,2,DA3
DA8-B05,Snowy River,-37.20104538,148.3619585,CK89B,P006-B05,Swab,4.511,0.01198,Pre-Control,2,CK89B,14/07/2021,3,DA8
DA10-H05,Snowy River,-37.20305572,148.3713021,CK8B,P008-H05,Swab,12.54,0.05896,Pre-Control,2,CK8B,12/07/2021,3,DA10
DA12-A12,Snowy River,-37.19687265,148.3516866,CK9,P001-A03,Swab,18.59,0.022932,Pre-Control,1,CK9,22/06/2021,2,DA12
DA3-A03,Snowy River,-37.19687265,148.3516866,CK9,P001-A03,Swab,4.883,0.022932,Pre-Control,1,CK9,22/06/2021,2,DA3
DA3-F07,Snowy River,-37.22697122,148.3546021,CK90,P001-F07,Swab,17.52,0.01661,Pre-Control,1,CK90,23/06/2021,2,DA3
DA8-C05,Snowy River,-37.20095876,148.3616527,CK90B,P006-C05,Swab,5.749,0.003154,Pre-Control,2,CK90B,14/07/2021,2,DA8
DA3-F08,Snowy River,-37.22680489,148.3541708,CK91,P001-F08,Swab,3.975,0.061744,Pre-Control,1,CK91,23/06/2021,2,DA3
DA8-D05,Snowy River,-37.20077716,148.3609846,CK91B,P006-D05,Swab,18.54,0.108699,Pre-Control,2,CK91B,14/07/2021,2,DA8
DA3-F09,Snowy River,-37.22621297,148.3515452,CK92,P001-F09,Swab,24.29,0.005389,Pre-Control,1,CK92,23/06/2021,2,DA3
DA8-E05,Snowy River,-37.20077104,148.3599479,CK92B,P006-E05,Swab,15.46,0.101812,Pre-Control,2,CK92B,14/07/2021,3,DA8
DA3-F10,Snowy River,-37.22585714,148.3535001,CK93,P001-F10,Swab,19.93,0.051736,Pre-Control,1,CK93,23/06/2021,3,DA3
DA8-F05,Snowy River,-37.20057899,148.3594036,CK93B,P006-F05,Swab,14.75,0.102797,Pre-Control,2,CK93B,14/07/2021,2,DA8
DA3-F11,Snowy River,-37.2257911,148.3537582,CK94,P001-F11,Swab,20.27,0.192789,Pre-Control,1,CK94,23/06/2021,2,DA3
DA8-G05,Snowy River,-37.20054437,148.359279,CK94B,P006-G05,Swab,20.67,0.027875,Pre-Control,2,CK94B,14/07/2021,2,DA8
DA3-F12,Snowy River,-37.22579161,148.3537131,CK95,P001-F12,Swab,21.9,0.166424,Pre-Control,1,CK95,23/06/2021,2,DA3
DA8-H05,Snowy River,-37.20027457,148.3584403,CK95B,P006-H05,Swab,17.78,0.223178,Pre-Control,2,CK95B,14/07/2021,3,DA8
DA2-G05,Snowy River,-37.22588482,148.3534442,CK96,P001-G01,Swab,6.624,0.146705,Pre-Control,1,CK96,23/06/2021,2,DA2
DA3-G01,Snowy River,-37.22588482,148.3534442,CK96,P001-G01,Swab,23.22,0.146705,Pre-Control,1,CK96,23/06/2021,2,DA3
DA8-A06,Snowy River,-37.20005496,148.3579406,CK96B,P006-A06,Swab,15.1,0.022365,Pre-Control,2,CK96B,14/07/2021,2,DA8
DA12-G11,Snowy River,-37.22595228,148.3530622,CK97,P001-G02,Swab,9.336,0.007998,Pre-Control,1,CK97,23/06/2021,3,DA12
DA3-G02,Snowy River,-37.22595228,148.3530622,CK97,P001-G02,Swab,8.007,0.007998,Pre-Control,1,CK97,23/06/2021,3,DA3
DA8-B06,Snowy River,-37.19986071,148.3575879,CK97B,P006-B06,Swab,15.08,0.008658,Pre-Control,2,CK97B,14/07/2021,3,DA8
DA3-G03,Snowy River,-37.22679679,148.3533027,CK98,P001-G03,Swab,10.01,0.098938,Pre-Control,1,CK98,23/06/2021,1,DA3
DA8-C06,Snowy River,-37.19987102,148.3574754,CK98B,P006-C06,Swab,9.508,0.009923,Pre-Control,2,CK98B,14/07/2021,2,DA8
DA3-G04,Snowy River,-37.22695732,148.3534521,CK99,P001-G04,Swab,26.84,0.19782,Pre-Control,1,CK99,23/06/2021,3,DA3
DA8-D06,Snowy River,-37.19963519,148.3568176,CK99B,P006-D06,Swab,18.99,0.028227,Pre-Control,2,CK99B,14/07/2021,3,DA8
DA10-A06,Snowy River,-37.20457538,148.3700563,CK9B,P008-A06,Swab,22.44,0.113148,Pre-Control,2,CK9B,12/07/2021,2,DA10
DA11-C11,Alpine,-36.8814,147.3782,ET_1,P009-C11,Swab,3.806,0.00597,Post-Control,4,ET_1,9/05/2022,NA,DA11
DA11-D11,Alpine,-36.9326,147.3458,ET_2,P009-D11,Swab,11.6,0.000666,Post-Control,4,ET_2,11/05/2022,NA,DA11
DA11-E11,Alpine,-36.9317,147.3469,ET_3,P009-E11,Swab,13.25,0.127299,Post-Control,4,ET_3,11/05/2022,NA,DA11
DA11-A07,Lake Tyers,-37.79996067,148.0552551,LP101,P009-A07,Swab,6.659,0.002291,Post-Control,4,LP101,16/02/2022,1,DA11
DA11-B07,Lake Tyers,-37.80092729,148.0539967,LP102,P009-B07,Swab,4.485,0.000843,Post-Control,4,LP102,16/02/2022,2,DA11
DA11-C07,Lake Tyers,-37.80168816,148.0555864,LP103,P009-C07,Swab,14.3,0.055906,Post-Control,4,LP103,16/02/2022,2,DA11
DA11-D07,Lake Tyers,-37.80025575,148.0545096,LP104,P009-D07,Swab,4.175,0.001503,Post-Control,4,LP104,16/02/2022,1,DA11
DA5-H03,Lake Tyers,-37.83342008,148.0578339,LT1,P003-H03,Swab,4.781,0.002377,Pre-Control,1,LT1,22/06/2021,1,DA5
DA6-A03,Lake Tyers,-37.82288626,148.0596037,LT10,P004-A03,Swab,7.301,0.022134,Pre-Control,1,LT10,22/06/2021,3,DA6
DA6-C04,Lake Tyers,-37.83438764,147.9439925,LT101,P004-C04,Swab,3.497,0.001916,Pre-Control,1,LT101,22/06/2021,2,DA6
DA6-C05,Lake Tyers,-37.82319823,148.0509388,LT102,P004-C05,Swab,12.96,0.008825,Pre-Control,1,LT102,22/06/2021,2,DA6
DA6-C09,Lake Tyers,-37.82316745,148.0493363,LT106,P004-C09,Swab,2.48,0.00594,Pre-Control,1,LT106,22/06/2021,1,DA6
DA6-C10,Lake Tyers,-37.82291858,148.0580134,LT107,P004-C10,Swab,5.737,0.019734,Pre-Control,1,LT107,22/06/2021,1,DA6
DA6-C11,Lake Tyers,-37.81005478,148.0582956,LT108,P004-C11,Swab,13.24,0.053702,Pre-Control,1,LT108,22/06/2021,2,DA6
DA6-C12,Lake Tyers,-37.81005478,148.0582956,LT109,P004-C12,Swab,6.459,0.067471,Pre-Control,1,LT109,22/06/2021,1,DA6
DA6-A04,Lake Tyers,-37.8243321,148.0591812,LT11,P004-A04,Swab,13.82,0.002992,Pre-Control,1,LT11,22/06/2021,2,DA6
DA6-D01,Lake Tyers,-37.82473172,148.0568349,LT110,P004-D01,Swab,3.588,0.019364,Pre-Control,1,LT110,22/06/2021,1,DA6
DA12-D08,Lake Tyers,-37.79769553,148.0565859,LT111,P004-D02,Swab,9.969,0.021719,Pre-Control,1,LT111,22/06/2021,2,DA12
DA6-D02,Lake Tyers,-37.79769553,148.0565859,LT111,P004-D02,Swab,5.461,0.021719,Pre-Control,1,LT111,22/06/2021,2,DA6
DA6-D03,Lake Tyers,-37.79774268,148.0573589,LT112,P004-D03,Swab,20.28,0.0283,Pre-Control,1,LT112,22/06/2021,2,DA6
DA6-D04,Lake Tyers,-37.79774268,148.0573589,LT113,P004-D04,Swab,11.27,0.02022,Pre-Control,1,LT113,22/06/2021,2,DA6
DA6-D05,Lake Tyers,-37.79789491,148.0564638,LT114,P004-D05,Swab,20.46,0.086135,Pre-Control,1,LT114,22/06/2021,1,DA6
DA6-D06,Lake Tyers,-37.79983546,148.0897947,LT115,P004-D06,Swab,14.3,0.074439,Pre-Control,1,LT115,22/06/2021,2,DA6
DA6-D07,Lake Tyers,-37.80193614,148.0867928,LT116,P004-D07,Swab,3.646,0.000896,Pre-Control,1,LT116,22/06/2021,1,DA6
DA6-A05,Lake Tyers,-37.82359335,148.0591479,LT12,P004-A05,Swab,21.31,0.052327,Pre-Control,1,LT12,22/06/2021,2,DA6
DA6-D08,Lake Tyers,-37.78248068,148.0835098,LT120,P004-D08,Swab,19.41,0.059168,Pre-Control,1,LT120,23/06/2021,1,DA6
DA6-D10,Lake Tyers,-37.81497662,148.1309391,LT122,P004-D10,Swab,11,0.05112,Pre-Control,1,LT122,23/06/2021,2,DA6
DA6-D11,Lake Tyers,-37.78011964,148.1407639,LT123,P004-D11,Swab,19.08,0.047497,Pre-Control,1,LT123,23/06/2021,2,DA6
DA6-D12,Lake Tyers,-37.78005744,148.1406721,LT124,P004-D12,Swab,18.86,0.046423,Pre-Control,1,LT124,23/06/2021,1,DA6
DA2-E08,Lake Tyers,-37.7796494,148.1399959,LT125,P004-E01,Swab,2.206,0.260446,Pre-Control,1,LT125,23/06/2021,1,DA2
DA6-E01,Lake Tyers,-37.7796494,148.1399959,LT125,P004-E01,Swab,5.562,0.260446,Pre-Control,1,LT125,23/06/2021,1,DA6
DA6-A06,Lake Tyers,-37.81261603,148.0581163,LT13,P004-A06,Swab,9.952,0.000652,Pre-Control,1,LT13,22/06/2021,2,DA6
DA12-E08,Lake Tyers,-37.83371845,148.0567245,LT130,P004-E02,Swab,15.83,0.045524,Pre-Control,2,LT130,3/08/2021,2,DA12
DA6-E02,Lake Tyers,-37.83371845,148.0567245,LT130,P004-E02,Swab,8.26,0.045524,Pre-Control,2,LT130,3/08/2021,2,DA6
DA6-E06,Lake Tyers,-37.82220705,148.0488909,LT134,P004-E06,Swab,12.8,0.008138,Pre-Control,2,LT134,3/08/2021,3,DA6
DA6-E07,Lake Tyers,-37.82216786,148.0482314,LT135,P004-E07,Swab,5.629,0.000427,Pre-Control,2,LT135,3/08/2021,3,DA6
DA6-E09,Lake Tyers,-37.82330131,148.0504971,LT137,P004-E09,Swab,1.096,0.000409,Pre-Control,2,LT137,3/08/2021,2,DA6
DA6-E11,Lake Tyers,-37.82304908,148.0595378,LT139,P004-E11,Swab,7.24,0.005445,Pre-Control,2,LT139,3/08/2021,2,DA6
DA6-A07,Lake Tyers,-37.79882047,148.0567723,LT14,P004-A07,Swab,22.21,0.03144,Pre-Control,1,LT14,22/06/2021,2,DA6
DA6-E12,Lake Tyers,-37.82298567,148.0585711,LT140,P004-E12,Swab,8.719,0.508652,Pre-Control,2,LT140,3/08/2021,3,DA6
DA2-F08,Lake Tyers,-37.82217332,148.0597071,LT141,P004-F01,Swab,1.448,0.001111,Pre-Control,2,LT141,3/08/2021,2,DA2
DA6-F01,Lake Tyers,-37.82217332,148.0597071,LT141,P004-F01,Swab,5.073,0.001111,Pre-Control,2,LT141,3/08/2021,2,DA6
DA12-F08,Lake Tyers,-37.80859694,148.0580476,LT142,P004-F02,Swab,17.85,0.02113,Pre-Control,2,LT142,3/08/2021,2,DA12
DA6-F02,Lake Tyers,-37.80859694,148.0580476,LT142,P004-F02,Swab,14.86,0.02113,Pre-Control,2,LT142,3/08/2021,2,DA6
DA6-F03,Lake Tyers,-37.80885171,148.0577786,LT143,P004-F03,Swab,16.12,0.024152,Pre-Control,2,LT143,3/08/2021,3,DA6
DA6-F04,Lake Tyers,-37.80016723,148.0553376,LT144,P004-F04,Swab,9.358,0.004271,Pre-Control,2,LT144,3/08/2021,1,DA6
DA6-F05,Lake Tyers,-37.80116675,148.0544317,LT145,P004-F05,Swab,16.77,0.012562,Pre-Control,2,LT145,3/08/2021,2,DA6
DA6-F06,Lake Tyers,-37.80079849,148.0542902,LT146,P004-F06,Swab,15.79,0.006801,Pre-Control,2,LT146,3/08/2021,3,DA6
DA6-F07,Lake Tyers,-37.79998195,148.0548919,LT147,P004-F07,Swab,21.94,0.022668,Pre-Control,2,LT147,3/08/2021,2,DA6
DA6-F08,Lake Tyers,-37.79936346,148.0555192,LT148,P004-F08,Swab,20.34,0.015769,Pre-Control,2,LT148,3/08/2021,2,DA6
DA6-F11,Lake Tyers,-37.78783904,148.0839742,LT151,P004-F11,Swab,13.18,0.028516,Pre-Control,2,LT151,4/08/2021,2,DA6
DA6-F12,Lake Tyers,-37.78755286,148.0837315,LT152,P004-F12,Swab,14.64,0.044576,Pre-Control,2,LT152,4/08/2021,3,DA6
DA6-G01,Lake Tyers,-37.78628261,148.0826909,LT153,P004-G01,Swab,2.588,0.001443,Pre-Control,2,LT153,4/08/2021,1,DA6
DA6-G05,Lake Tyers,-37.78204659,148.0817093,LT157,P004-G05,Swab,21.18,0.096748,Pre-Control,2,LT157,4/08/2021,2,DA6
DA6-G06,Lake Tyers,-37.78286868,148.0805175,LT158,P004-G06,Swab,18.69,0.001926,Pre-Control,2,LT158,4/08/2021,2,DA6
DA6-A09,Lake Tyers,-37.79794311,148.0581228,LT16,P004-A09,Swab,23.5,0.061452,Pre-Control,1,LT16,22/06/2021,1,DA6
DA6-G08,Lake Tyers,-37.76658932,148.0982986,LT160,P004-G08,Swab,5.479,0.000908,Pre-Control,2,LT160,4/08/2021,2,DA6
DA6-G09,Lake Tyers,-37.76572656,148.1009311,LT161,P004-G09,Swab,24.65,0.07046,Pre-Control,2,LT161,4/08/2021,3,DA6
DA6-G10,Lake Tyers,-37.76560697,148.1011905,LT162,P004-G10,Swab,21.79,0.20281,Pre-Control,2,LT162,4/08/2021,3,DA6
DA6-H01,Lake Tyers,-37.779535,148.1406414,LT165,P004-H01,Swab,4.342,0.000926,Pre-Control,2,LT165,4/08/2021,1,DA6
DA6-H03,Lake Tyers,-37.77902717,148.1409629,LT167,P004-H03,Swab,11.64,0.000637,Pre-Control,2,LT167,4/08/2021,2,DA6
DA6-H04,Lake Tyers,-37.77916465,148.1407265,LT168,P004-H04,Swab,5.374,0.000884,Pre-Control,2,LT168,4/08/2021,3,DA6
DA6-H05,Lake Tyers,-37.77905234,148.1411563,LT169,P004-H05,Swab,6.516,0.000361,Pre-Control,2,LT169,4/08/2021,3,DA6
DA6-H06,Lake Tyers,-37.77983007,148.1408844,LT170,P004-H06,Swab,11.57,0.003548,Pre-Control,2,LT170,4/08/2021,3,DA6
DA6-H07,Lake Tyers,-37.75715458,148.1417393,LT171,P004-H07,Swab,6.468,0.000649,Pre-Control,2,LT171,4/08/2021,2,DA6
DA2-A09,Lake Tyers,-37.7576156,148.1415988,LT172,P005-A01,Swab,5.954,0.084298,Pre-Control,2,LT172,4/08/2021,2,DA2
DA7-A01,Lake Tyers,-37.7576156,148.1415988,LT172,P005-A01,Swab,17.22,0.084298,Pre-Control,2,LT172,4/08/2021,2,DA7
DA2-B09,Lake Tyers,-37.75766648,148.1419288,LT173,P005-B01,Swab,0.6121,0.004058,Pre-Control,2,LT173,4/08/2021,2,DA2
DA7-B01,Lake Tyers,-37.75766648,148.1419288,LT173,P005-B01,Swab,7.242,0.004058,Pre-Control,2,LT173,4/08/2021,2,DA7
DA7-H04,Lake Tyers,-37.82212096,148.047424,LT178,P005-H04,Swab,16.13,0.331642,Pre-Control,3,LT178,31/08/2021,2,DA7
DA7-A05,Lake Tyers,-37.80854963,148.0582968,LT185,P005-A05,Swab,5.686,0.015801,Pre-Control,3,LT185,31/08/2021,1,DA7
DA7-F05,Lake Tyers,-37.76604472,148.1006406,LT195,P005-F05,Swab,10.58,0.018698,Pre-Control,3,LT195,1/09/2021,1,DA7
DA7-G05,Lake Tyers,-37.76613431,148.1006987,LT196,P005-G05,Swab,7.064,0.014377,Pre-Control,3,LT196,1/09/2021,2,DA7
DA7-A06,Lake Tyers,-37.75694193,148.1422923,LT198,P005-A06,Swab,19.42,0.066394,Pre-Control,3,LT198,1/09/2021,2,DA7
DA2-B08,Lake Tyers,-37.80741818,148.0836129,LT20,P004-B01,Swab,2.131,0.237826,Pre-Control,1,LT20,22/06/2021,2,DA2
DA6-B01,Lake Tyers,-37.80741818,148.0836129,LT20,P004-B01,Swab,7.796,0.237826,Pre-Control,1,LT20,22/06/2021,2,DA6
DA6-B10,Lake Tyers,-37.78161148,148.1402758,LT29,P004-B10,Swab,6.208,0.004067,Pre-Control,1,LT29,23/06/2021,1,DA6
DA5-H05,Lake Tyers,-37.83397108,148.056694,LT3,P003-H05,Swab,17.3,0.010198,Pre-Control,1,LT3,22/06/2021,2,DA5
DA7-D07,Lake Tyers,-37.78193657,148.0799475,LT306,P005-D07,Swab,15.77,0.079986,Pre-Control,3,LT306,31/08/2021,2,DA7
DA7-E07,Lake Tyers,-37.78189691,148.0832856,LT307,P005-E07,Swab,7.86,0.000107,Pre-Control,3,LT307,31/08/2021,2,DA7
DA6-B12,Lake Tyers,-37.78208172,148.1410439,LT31,P004-B12,Swab,55.95,0.087163,Pre-Control,1,LT31,23/06/2021,2,DA6
DA7-G07,Lake Tyers,-37.78194556,148.141144,LT310,P005-G07,Swab,9.518,0.023715,Pre-Control,3,LT310,1/09/2021,2,DA7
DA2-C08,Lake Tyers,-37.7820506,148.1423948,LT32,P004-C01,Swab,5.177,0.15598,Pre-Control,1,LT32,23/06/2021,2,DA2
DA6-C01,Lake Tyers,-37.7820506,148.1423948,LT32,P004-C01,Swab,10.39,0.15598,Pre-Control,1,LT32,23/06/2021,2,DA6
DA12-C08,Lake Tyers,-37.78162905,148.1421839,LT33,P004-C02,Swab,2.955,0.00381,Pre-Control,1,LT33,23/06/2021,2,DA12
DA6-C02,Lake Tyers,-37.78162905,148.1421839,LT33,P004-C02,Swab,4.925,0.00381,Pre-Control,1,LT33,23/06/2021,2,DA6
DA2-C09,Lake Tyers,-37.83361021,148.0567343,LT36,P005-C01,Swab,24.2,0.563442,Pre-Control,2,LT36,3/08/2021,2,DA2
DA7-C01,Lake Tyers,-37.83361021,148.0567343,LT36,P005-C01,Swab,18.18,0.563442,Pre-Control,2,LT36,3/08/2021,2,DA7
DA2-D09,Lake Tyers,-37.83414295,148.0576283,LT38,P005-D01,Swab,1.059,0.002244,Pre-Control,2,LT38,3/08/2021,1,DA2
DA7-D01,Lake Tyers,-37.83414295,148.0576283,LT38,P005-D01,Swab,3.832,0.002244,Pre-Control,2,LT38,3/08/2021,1,DA7
DA5-H06,Lake Tyers,-37.83414291,148.0566283,LT4,P003-H06,Swab,7.273,0,Pre-Control,1,LT4,22/06/2021,2,DA5
DA7-F01,Lake Tyers,-37.82312482,148.0500742,LT41,P005-F01,Swab,3.21,0.00144,Pre-Control,2,LT41,3/08/2021,2,DA7
DA2-H09,Lake Tyers,-37.82423424,148.0469426,LT45,P005-H01,Swab,2.342,0.061261,Pre-Control,2,LT45,3/08/2021,2,DA2
DA7-H01,Lake Tyers,-37.82423424,148.0469426,LT45,P005-H01,Swab,13.05,0.061261,Pre-Control,2,LT45,3/08/2021,2,DA7
DA12-B07,Lake Tyers,-37.82162648,148.0633805,LT49,P005-B02,Swab,9.025,0.006046,Pre-Control,2,LT49,3/08/2021,2,DA12
DA7-B02,Lake Tyers,-37.82162648,148.0633805,LT49,P005-B02,Swab,11.56,0.006046,Pre-Control,2,LT49,3/08/2021,2,DA7
DA12-D07,Lake Tyers,-37.81216164,148.0575304,LT55,P005-D02,Swab,10.88,0.033769,Pre-Control,2,LT55,3/08/2021,2,DA12
DA7-D02,Lake Tyers,-37.81216164,148.0575304,LT55,P005-D02,Swab,12.86,0.033769,Pre-Control,2,LT55,3/08/2021,2,DA7
DA12-E07,Lake Tyers,-37.79889271,148.0557511,LT56,P005-E02,Swab,8.033,0.016775,Pre-Control,2,LT56,3/08/2021,1,DA12
DA7-E02,Lake Tyers,-37.79889271,148.0557511,LT56,P005-E02,Swab,3.248,0.016775,Pre-Control,2,LT56,3/08/2021,1,DA7
DA7-F02,Lake Tyers,-37.79844671,148.057244,LT58,P005-F02,Swab,16.18,0.08519,Pre-Control,2,LT58,3/08/2021,3,DA7
DA12-G07,Lake Tyers,-37.78474568,148.0851669,LT61,P005-G02,Swab,14.87,0.048457,Pre-Control,2,LT61,4/08/2021,NA,DA12
DA7-G02,Lake Tyers,-37.78474568,148.0851669,LT61,P005-G02,Swab,6.861,0.048457,Pre-Control,2,LT61,4/08/2021,NA,DA7
DA12-H07,Lake Tyers,-37.78462842,148.0851765,LT62,P005-H02,Swab,18.72,0.085117,Pre-Control,2,LT62,4/08/2021,NA,DA12
DA7-H02,Lake Tyers,-37.78462842,148.0851765,LT62,P005-H02,Swab,12.36,0.085117,Pre-Control,2,LT62,4/08/2021,NA,DA7
DA7-B03,Lake Tyers,-37.78477323,148.0851105,LT64,P005-B03,Swab,16.71,0.103636,Pre-Control,2,LT64,4/08/2021,NA,DA7
DA7-C03,Lake Tyers,-37.78493732,148.0849085,LT65,P005-C03,Swab,14.39,0.151205,Pre-Control,2,LT65,4/08/2021,NA,DA7
DA7-D03,Lake Tyers,-37.78567849,148.0856575,LT66,P005-D03,Swab,3.962,0.002282,Pre-Control,2,LT66,4/08/2021,NA,DA7
DA7-E03,Lake Tyers,-37.78525054,148.0851515,LT67,P005-E03,Swab,18.26,0.044452,Pre-Control,2,LT67,4/08/2021,NA,DA7
DA7-F03,Lake Tyers,-37.78121964,148.0863644,LT68,P005-F03,Swab,7.16,0.013563,Pre-Control,2,LT68,4/08/2021,NA,DA7
DA2-A11,Lake Tyers,-84.73778684,156.3845343,LT69,P007-A01,Swab,2.718,0.222721,Pre-Control,2,LT69,4/08/2021,NA,DA2
DA9-A01,Lake Tyers,-84.73778684,156.3845343,LT69,P007-A01,Swab,6.148,0.222721,Pre-Control,2,LT69,4/08/2021,NA,DA9
DA7-G03,Lake Tyers,-37.7801736,148.0834875,LT70,P005-G03,Swab,10.5,0.019145,Pre-Control,2,LT70,4/08/2021,NA,DA7
DA7-H03,Lake Tyers,-37.76778848,148.0972831,LT71,P005-H03,Swab,3.272,0.000245,Pre-Control,2,LT71,4/08/2021,NA,DA7
DA7-A04,Lake Tyers,-37.768389,148.098609,LT72,P005-A04,Swab,7.657,0.003978,Pre-Control,2,LT72,4/08/2021,NA,DA7
DA7-B04,Lake Tyers,-37.76845145,148.1015733,LT74,P005-B04,Swab,5.717,0.039298,Pre-Control,2,LT74,4/08/2021,NA,DA7
DA7-C04,Lake Tyers,-37.78079649,148.1406721,LT75,P005-C04,Swab,6.361,0.001581,Pre-Control,2,LT75,4/08/2021,NA,DA7
DA7-D04,Lake Tyers,-37.78191664,148.1422678,LT77,P005-D04,Swab,20.24,0.03506,Pre-Control,2,LT77,4/08/2021,NA,DA7
DA7-E04,Lake Tyers,-37.78135322,148.1408851,LT78,P005-E04,Swab,20.43,0.010225,Pre-Control,2,LT78,4/08/2021,NA,DA7
DA7-F04,Lake Tyers,-37.76014449,148.1438401,LT79,P005-F04,Swab,10.53,0.032179,Pre-Control,2,LT79,4/08/2021,NA,DA7
DA7-G04,Lake Tyers,-37.75992571,148.1431669,LT81,P005-G04,Swab,8.246,0.012751,Pre-Control,2,LT81,4/08/2021,NA,DA7
DA7-C06,Lake Tyers,-37.83418093,148.0574129,LT84,P005-C06,Swab,7.354,0.006555,Pre-Control,3,LT84,31/08/2021,3,DA7
DA7-D06,Lake Tyers,-37.8222363,148.0476302,LT91,P005-D06,Swab,18.39,0.032938,Pre-Control,3,LT91,31/08/2021,2,DA7
DA7-E06,Lake Tyers,-37.8216882,148.064529,LT92,P005-E06,Swab,5.324,0.002894,Pre-Control,3,LT92,31/08/2021,1,DA7
DA7-F06,Lake Tyers,-37.81235459,148.0581239,LT95,P005-F06,Swab,4.045,0.002709,Pre-Control,3,LT95,31/08/2021,2,DA7
DA7-G06,Lake Tyers,-37.81230963,148.0581119,LT96,P005-G06,Swab,6.341,0.006851,Pre-Control,3,LT96,31/08/2021,2,DA7
DA7-H06,Lake Tyers,-37.80045157,148.054785,LT99,P005-H06,Swab,19.1,0.084507,Pre-Control,3,LT99,31/08/2021,2,DA7
DA11-C04,Lake Tyers,-37.79774607,148.0539628,LTP10,P009-C04,Swab,7.014,0.040107,Post-Control,4,LTP10,16/02/2022,1,DA11
DA11-D04,Lake Tyers,-37.79789247,148.0567363,LTP11,P009-D04,Swab,3.084,0.017756,Post-Control,4,LTP11,16/02/2022,1,DA11
DA4-F04,Lake Tyers,-37.78161313,148.1401055,LTP119,P002-F04,Swab,10.71,0,Post-Control,5,LTP119,10/03/2022,1,DA4
DA11-G04,Lake Tyers,-37.76843406,148.1015049,LTP14,P009-G04,Swab,4.844,0.000738,Post-Control,4,LTP14,16/02/2022,2,DA11
DA11-H04,Lake Tyers,-37.7819837,148.1399977,LTP15,P009-H04,Swab,15.03,0.008371,Post-Control,4,LTP15,17/02/2022,2,DA11
DA4-G08,Lake Tyers,-37.83348918,148.0571644,LTP150,P002-G08,Swab,10.67,0.00631054,Post-Control,6,LTP150,20/04/2022,1,DA4
DA4-G09,Lake Tyers,-37.8225821,148.0492826,LTP151,P002-G09,Swab,27.44,0.088058,Post-Control,6,LTP151,20/04/2022,2,DA4
DA4-G10,Lake Tyers,-37.8080983,148.0573703,LTP152,P002-G10,Swab,18.12,0.022098,Post-Control,6,LTP152,20/04/2022,1,DA4
DA2-H06,Lake Tyers,-37.8011119,148.0535109,LTP155,P002-H01,Swab,2.167,0.02708629,Post-Control,6,LTP155,20/04/2022,1,DA2
DA4-H01,Lake Tyers,-37.8011119,148.0535109,LTP155,P002-H01,Swab,11.58,0.02708629,Post-Control,6,LTP155,20/04/2022,1,DA4
DA12-H10,Lake Tyers,-37.80053918,148.0540593,LTP156,P002-H02,Swab,29.93,0.40991564,Post-Control,6,LTP156,20/04/2022,2,DA12
DA4-H02,Lake Tyers,-37.80053918,148.0540593,LTP156,P002-H02,Swab,21.5,0.40991564,Post-Control,6,LTP156,20/04/2022,2,DA4
DA4-H03,Lake Tyers,-37.80049362,148.0541155,LTP157,P002-H03,Swab,18.77,0.2847283,Post-Control,6,LTP157,20/04/2022,2,DA4
DA4-H04,Lake Tyers,-37.7997034,148.0547971,LTP158,P002-H04,Swab,13.69,0.04815158,Post-Control,6,LTP158,20/04/2022,2,DA4
DA4-H05,Lake Tyers,-37.76652307,148.0986382,LTP159,P002-H05,Swab,12.16,0.01115751,Post-Control,6,LTP159,20/04/2022,2,DA4
DA11-A05,Lake Tyers,-37.78201809,148.1401685,LTP16,P009-A05,Swab,7.982,0.027432,Post-Control,4,LTP16,17/02/2022,1,DA11
DA4-H06,Lake Tyers,-37.76652349,148.0985928,LTP160,P002-H06,Swab,14.25,0.00513591,Post-Control,6,LTP160,20/04/2022,2,DA4
DA4-H07,Lake Tyers,-37.76689009,148.0979397,LTP161,P002-H07,Swab,5.816,0.00126673,Post-Control,6,LTP161,20/04/2022,1,DA4
DA4-H08,Lake Tyers,-37.75974377,148.1451962,LTP162,P002-H08,Swab,5.44,0.00100796,Post-Control,6,LTP162,20/04/2022,2,DA4
DA11-B05,Lake Tyers,-37.78203524,148.1402596,LTP17,P009-B05,Swab,11.71,0.007282,Post-Control,4,LTP17,17/02/2022,2,DA11
DA11-C05,Lake Tyers,-37.78264416,148.1415976,LTP18,P009-C05,Swab,9.165,0.007861,Post-Control,4,LTP18,17/02/2022,1,DA11
DA11-E05,Lake Tyers,-37.82311996,148.0506196,LTP201,P009-E05,Swab,5.936,0.00308,Post-Control,4,LTP201,16/02/2022,2,DA11
DA11-F05,Lake Tyers,-37.82293163,148.0505146,LTP202,P009-F05,Swab,3.486,0.000262,Post-Control,4,LTP202,16/02/2022,2,DA11
DA11-G05,Lake Tyers,-37.82251779,148.0484068,LTP203,P009-G05,Swab,8.654,0.006341,Post-Control,4,LTP203,16/02/2022,2,DA11
DA11-H05,Lake Tyers,-37.80976733,148.0581893,LTP204,P009-H05,Swab,14.15,0.020038,Post-Control,4,LTP204,16/02/2022,2,DA11
DA11-B06,Lake Tyers,-37.80152209,148.0529942,LTP206,P009-B06,Swab,13.56,0.037728,Post-Control,4,LTP206,16/02/2022,2,DA11
DA11-C06,Lake Tyers,-37.80085622,148.0538821,LTP207,P009-C06,Swab,8.583,0.011836,Post-Control,4,LTP207,16/02/2022,2,DA11
DA11-D06,Lake Tyers,-37.7819734,148.0808452,LTP208,P009-D06,Swab,8.283,0.00886,Post-Control,4,LTP208,16/02/2022,2,DA11
DA11-E06,Lake Tyers,-37.78161012,148.0811465,LTP209,P009-E06,Swab,12.81,0.016786,Post-Control,4,LTP209,16/02/2022,2,DA11
DA11-G06,Lake Tyers,-37.77836153,148.1417589,LTP211,P009-G06,Swab,8.328,0.009484,Post-Control,4,LTP211,17/02/2022,2,DA11
DA4-F08,Lake Tyers,-37.82305769,148.0505278,LTP223,P002-F08,Swab,7.297,0.004741,Post-Control,5,LTP223,9/03/2022,2,DA4
DA4-G04,Lake Tyers,-37.78178295,148.0799907,LTP231,P002-G04,Swab,19.58,0.28857759,Post-Control,5,LTP231,9/03/2022,2,DA4
DA4-G07,Lake Tyers,-37.77882276,148.1415956,LTP234,P002-G07,Swab,8.047,0.00712508,Post-Control,5,LTP234,10/03/2022,2,DA4
DA4-H09,Lake Tyers,-37.81253288,148.0583423,LTP250,P002-H09,Swab,22.17,0.059098,Post-Control,6,LTP250,20/04/2022,2,DA4
DA4-G11,Lake Tyers,-37.81245933,148.0575006,LTP251,P002-G11,Swab,6.812,0,Post-Control,6,LTP251,20/04/2022,1,DA4
DA2-A07,Lake Tyers,-37.78226743,148.0831774,LTP252,P003-A01,Swab,4.901,0.901959,Post-Control,6,LTP252,20/04/2022,2,DA2
DA5-A01,Lake Tyers,-37.78226743,148.0831774,LTP252,P003-A01,Swab,19.97,0.901959,Post-Control,6,LTP252,20/04/2022,2,DA5
DA12-A09,Lake Tyers,-37.76792762,148.0997603,LTP253,P003-A02,Swab,8.786,0.012037,Post-Control,6,LTP253,20/04/2022,2,DA12
DA5-A02,Lake Tyers,-37.76792762,148.0997603,LTP253,P003-A02,Swab,10.11,0.012037,Post-Control,6,LTP253,20/04/2022,2,DA5
DA5-A03,Lake Tyers,-37.76790843,148.0998849,LTP254,P003-A03,Swab,9.38,0.007493,Post-Control,6,LTP254,20/04/2022,2,DA5
DA5-A04,Lake Tyers,-37.76794172,148.1001806,LTP255,P003-A04,Swab,24.01,0.014824,Post-Control,6,LTP255,20/04/2022,2,DA5
DA5-A05,Lake Tyers,-37.76807912,148.1009092,LTP256,P003-A05,Swab,19.29,0.02843,Post-Control,6,LTP256,20/04/2022,2,DA5
DA5-A06,Lake Tyers,-37.76823719,148.1013544,LTP257,P003-A06,Swab,19.36,0.000246,Post-Control,6,LTP257,20/04/2022,2,DA5
DA11-G03,Lake Tyers,-37.81319808,148.0575339,LTP6,P009-G03,Swab,9.126,0.01541,Post-Control,4,LTP6,16/02/2022,1,DA11
DA12-G03,Lake Tyers,-37.81319808,148.0575339,LTP6,P009-G03,Swab,66.01,0.01541,Post-Control,4,LTP6,16/02/2022,1,DA12
DA11-H03,Lake Tyers,-37.81323392,148.0575571,LTP7,P009-H03,Swab,18.05,0.041915,Post-Control,4,LTP7,16/02/2022,3,DA11
DA12-H03,Lake Tyers,-37.81323392,148.0575571,LTP7,P009-H03,Swab,21.15,0.041915,Post-Control,4,LTP7,16/02/2022,3,DA12
DA11-A04,Lake Tyers,-37.79813935,148.0563423,LTP8,P009-A04,Swab,15.54,0.065481,Post-Control,4,LTP8,16/02/2022,2,DA11
DA11-B04,Lake Tyers,-37.7979416,148.0562827,LTP9,P009-B04,Swab,16.59,0.020397,Post-Control,4,LTP9,16/02/2022,2,DA11
DA5-A07,Snowy River,-37.20442036,148.3702112,SP01,P003-A07,Swab,18.65,0.07286,Post-Control,4,SP01,22/02/2022,1,DA5
DA5-A08,Snowy River,-37.20768637,148.3652556,SP02,P003-A08,Swab,17.29,0.056835,Post-Control,4,SP02,22/02/2022,2,DA5
DA5-A09,Snowy River,-37.20768663,148.3652331,SP03,P003-A09,Swab,22.21,0.063655,Post-Control,4,SP03,22/02/2022,2,DA5
DA5-A10,Snowy River,-37.20826201,148.3645786,SP04,P003-A10,Swab,22.68,0.054412,Post-Control,4,SP04,22/02/2022,2,DA5
DA5-A11,Snowy River,-37.22323069,148.3671476,SP05,P003-A11,Swab,13.68,0,Post-Control,4,SP05,22/02/2022,2,DA5
DA2-B07,Snowy River,-37.22328928,148.3659765,SP07,P003-B01,Swab,2.137,0.337628,Post-Control,4,SP07,22/02/2022,2,DA2
DA5-B01,Snowy River,-37.22328928,148.3659765,SP07,P003-B01,Swab,12.02,0.337628,Post-Control,4,SP07,22/02/2022,2,DA5
DA5-B02,Snowy River,-37.21343656,148.3660693,SP08,P003-B02,Swab,24.58,0.018406,Post-Control,4,SP08,22/02/2022,2,DA5
DA5-B03,Snowy River,-37.20828211,148.3643987,SP09,P003-B03,Swab,5.273,0.037322,Post-Control,4,SP09,22/02/2022,3,DA5
DA5-B04,Snowy River,-37.21458001,148.3646135,SP10,P003-B04,Swab,6.777,0.005292,Post-Control,4,SP10,23/02/2022,1,DA5
DA5-B05,Snowy River,-37.21462416,148.3646932,SP11,P003-B05,Swab,22.42,0.003255,Post-Control,4,SP11,23/02/2022,3,DA5
DA5-B06,Snowy River,-37.21553871,148.365893,SP12,P003-B06,Swab,20.06,0.001,Post-Control,4,SP12,23/02/2022,2,DA5
DA5-B07,Snowy River,-37.21558325,148.3659389,SP13,P003-B07,Swab,11.13,0.026086,Post-Control,4,SP13,23/02/2022,3,DA5
DA5-B08,Snowy River,-37.21774977,148.3679954,SP14,P003-B08,Swab,22.3,0.003698,Post-Control,4,SP14,23/02/2022,2,DA5
DA5-B09,Snowy River,-37.21959872,148.3686712,SP15,P003-B09,Swab,11.93,0.010986,Post-Control,4,SP15,23/02/2022,2,DA5
DA5-B10,Snowy River,-37.21968139,148.3685374,SP16,P003-B10,Swab,26.85,0.029165,Post-Control,4,SP16,23/02/2022,2,DA5
DA5-B11,Snowy River,-37.21934286,148.3681932,SP17,P003-B11,Swab,20.24,0,Post-Control,4,SP17,23/02/2022,1,DA5
DA5-B12,Snowy River,-37.22163881,148.3676261,SP18,P003-B12,Swab,12.3,0.061022,Post-Control,4,SP18,23/02/2022,2,DA5
DA2-C07,Snowy River,-37.22140083,148.3671596,SP19,P003-C01,Swab,1.422,0.061165,Post-Control,4,SP19,23/02/2022,2,DA2
DA5-C01,Snowy River,-37.22140083,148.3671596,SP19,P003-C01,Swab,6.275,0.061165,Post-Control,4,SP19,23/02/2022,2,DA5
DA5-C04,Snowy River,-37.22191861,148.3660306,SP22,P003-C04,Swab,19,0.009435,Post-Control,4,SP22,23/02/2022,1,DA5
DA5-C05,Snowy River,-37.22197671,148.3656823,SP23,P003-C05,Swab,18.89,0.001881,Post-Control,4,SP23,23/02/2022,1,DA5
DA5-C06,Snowy River,-37.22642087,148.3585824,SP24,P003-C06,Swab,15.44,0.002652,Post-Control,4,SP24,23/02/2022,1,DA5
DA5-C07,Snowy River,-37.22693353,148.3578928,SP25,P003-C07,Swab,3.207,0.017961,Post-Control,4,SP25,23/02/2022,2,DA5
DA5-C08,Snowy River,-37.21524068,148.365944,SP26,P003-C08,Swab,12.61,0.005977,Post-Control,4,SP26,23/02/2022,3,DA5
DA5-C09,Snowy River,-37.1987051,148.3546038,SP27,P003-C09,Swab,16.35,0.202235,Post-Control,4,SP27,24/02/2022,1,DA5
DA5-C10,Snowy River,-37.19458189,148.3478488,SP28,P003-C10,Swab,15.48,0.002809,Post-Control,4,SP28,24/02/2022,2,DA5
DA5-C11,Snowy River,-37.19324539,148.3464843,SP29,P003-C11,Swab,19.82,0,Post-Control,4,SP29,24/02/2022,1,DA5
DA5-C12,Snowy River,-37.21559815,148.3662097,SP30,P003-C12,Swab,20.73,0.047402,Post-Control,5,SP30,16/03/2022,3,DA5
DA2-D07,Snowy River,-37.21646434,148.3669128,SP31,P003-D01,Swab,10.4,0.48368,Post-Control,5,SP31,16/03/2022,1,DA2
DA5-D01,Snowy River,-37.21646434,148.3669128,SP31,P003-D01,Swab,25.64,0.48368,Post-Control,5,SP31,16/03/2022,1,DA5
DA5-D03,Snowy River,-37.22685149,148.3548254,SP33,P003-D03,Swab,22.64,0.230964,Post-Control,5,SP33,16/03/2022,1,DA5
DA5-D04,Snowy River,-37.22682278,148.3549714,SP34,P003-D04,Swab,15.38,0.001043,Post-Control,5,SP34,16/03/2022,1,DA5
DA5-D05,Snowy River,-37.22714717,148.3557662,SP35,P003-D05,Swab,18.79,2.69e-05,Post-Control,5,SP35,16/03/2022,1,DA5
DA5-D06,Snowy River,-37.22723484,148.355982,SP36,P003-D06,Swab,9.884,0,Post-Control,5,SP36,16/03/2022,1,DA5
DA5-D07,Snowy River,-37.2273624,148.3566493,SP37,P003-D07,Swab,11.41,0.00046,Post-Control,5,SP37,16/03/2022,1,DA5
DA5-D08,Snowy River,-37.22734399,148.3566828,SP38,P003-D08,Swab,13.83,0.019842,Post-Control,5,SP38,16/03/2022,2,DA5
DA5-D09,Snowy River,-37.20236732,148.3715939,SP39,P003-D09,Swab,12.1,0.000148,Post-Control,5,SP39,17/03/2022,3,DA5
DA5-D10,Snowy River,-37.20822311,148.3648258,SP40,P003-D10,Swab,25.57,0.171369,Post-Control,5,SP40,17/03/2022,2,DA5
DA5-D11,Snowy River,-37.21283824,148.3655851,SP41,P003-D11,Swab,23.58,0,Post-Control,5,SP41,17/03/2022,3,DA5
DA5-D12,Snowy River,-37.19721444,148.3517491,SP42,P003-D12,Swab,20.7,0.324528,Post-Control,5,SP42,18/03/2022,3,DA5
DA2-E07,Snowy River,-37.20950367,148.3616372,SP43,P003-E01,Swab,3.261,0.122911,Post-Control,6,SP43,11/04/2022,1,DA2
DA5-E01,Snowy River,-37.20950367,148.3616372,SP43,P003-E01,Swab,11.51,0.122911,Post-Control,6,SP43,11/04/2022,1,DA5
DA12-E09,Snowy River,-37.21037072,148.3614837,SP44,P003-E02,Swab,9.696,0.000819,Post-Control,6,SP44,11/04/2022,2,DA12
DA5-E02,Snowy River,-37.21037072,148.3614837,SP44,P003-E02,Swab,5.373,0.000819,Post-Control,6,SP44,11/04/2022,2,DA5
DA5-E03,Snowy River,-37.21083083,148.3614469,SP45,P003-E03,Swab,3.653,0.035284,Post-Control,6,SP45,11/04/2022,2,DA5
DA5-E04,Snowy River,-37.21090344,148.3614032,SP46,P003-E04,Swab,23.94,0.108116,Post-Control,6,SP46,11/04/2022,3,DA5
DA5-E05,Snowy River,-37.21096522,148.361517,SP47,P003-E05,Swab,19.79,0.02718,Post-Control,6,SP47,11/04/2022,3,DA5
DA5-E06,Snowy River,-37.21100101,148.3615401,SP48,P003-E06,Swab,17.46,0.005183,Post-Control,6,SP48,11/04/2022,3,DA5
DA5-E07,Snowy River,-37.21100075,148.3615627,SP49,P003-E07,Swab,9.133,0.029466,Post-Control,6,SP49,11/04/2022,2,DA5
DA5-E08,Snowy River,-37.21111777,148.361576,SP50,P003-E08,Swab,8.833,0.11882,Post-Control,6,SP50,11/04/2022,2,DA5
DA5-E09,Snowy River,-37.21426708,148.3643938,SP51,P003-E09,Swab,4.727,0.006428,Post-Control,6,SP51,11/04/2022,3,DA5
DA5-E10,Snowy River,-37.22017937,148.3683436,SP52,P003-E10,Swab,19.5,0.055944,Post-Control,6,SP52,11/04/2022,3,DA5
DA5-E11,Snowy River,-37.22027914,148.368289,SP53,P003-E11,Swab,11.75,0,Post-Control,6,SP53,11/04/2022,3,DA5
DA5-E12,Snowy River,-37.22122662,148.3674157,SP54,P003-E12,Swab,78.14,0.069125,Post-Control,6,SP54,11/04/2022,3,DA5
DA2-F07,Snowy River,-37.22190198,148.3651287,SP55,P003-F01,Swab,5.583,0.363312,Post-Control,6,SP55,11/04/2022,3,DA2
DA5-F01,Snowy River,-37.22190198,148.3651287,SP55,P003-F01,Swab,35.9,0.363312,Post-Control,6,SP55,11/04/2022,3,DA5
DA12-F09,Snowy River,-37.22689015,148.3577454,SP56,P003-F02,Swab,11.78,0.001806,Post-Control,6,SP56,11/04/2022,2,DA12
DA5-F02,Snowy River,-37.22689015,148.3577454,SP56,P003-F02,Swab,4.803,0.001806,Post-Control,6,SP56,11/04/2022,2,DA5
DA5-F03,Snowy River,-37.22685316,148.3546789,SP57,P003-F03,Swab,23.16,0.01156,Post-Control,6,SP57,11/04/2022,3,DA5
DA5-F04,Snowy River,-37.21957169,148.3686707,SP58,P003-F04,Swab,4.07,0.031068,Post-Control,6,SP58,11/04/2022,3,DA5
DA5-F05,Snowy River,-37.21889569,148.3686698,SP59,P003-F05,Swab,20.05,0.018277,Post-Control,6,SP59,11/04/2022,1,DA5
DA5-F07,Snowy River,-37.2027014,148.3715436,SP61,P003-F07,Swab,23.79,0.093571,Post-Control,6,SP61,12/04/2022,2,DA5
DA5-F08,Snowy River,-37.21229705,148.364054,SP62,P003-F08,Swab,7.391,0.006485,Post-Control,6,SP62,12/04/2022,2,DA5
DA5-F09,Snowy River,-37.21254982,148.3648023,SP63,P003-F09,Swab,21.25,0.051928,Post-Control,6,SP63,12/04/2022,3,DA5
DA5-F10,Snowy River,-37.22315795,148.3672026,SP64,P003-F10,Swab,17.67,0.013017,Post-Control,6,SP64,12/04/2022,1,DA5
DA5-F11,Snowy River,-37.22328658,148.3646464,SP65,P003-F11,Swab,20.73,0,Post-Control,6,SP65,12/04/2022,2,DA5
DA5-F12,Snowy River,-37.22325749,148.3632595,SP66,P003-F12,Swab,24.68,0.215942,Post-Control,6,SP66,12/04/2022,1,DA5
DA2-G07,Snowy River,-37.22321373,148.363146,SP67,P003-G01,Swab,1.825,0.028921,Post-Control,6,SP67,12/04/2022,2,DA2
DA5-G01,Snowy River,-37.22321373,148.363146,SP67,P003-G01,Swab,16.74,0.028921,Post-Control,6,SP67,12/04/2022,2,DA5
DA12-G09,Snowy River,-37.22319752,148.3629879,SP68,P003-G02,Swab,58.78,0.0299,Post-Control,6,SP68,12/04/2022,3,DA12
DA5-G02,Snowy River,-37.22319752,148.3629879,SP68,P003-G02,Swab,27.58,0.0299,Post-Control,6,SP68,12/04/2022,3,DA5
DA5-G03,Snowy River,-37.22313029,148.3633474,SP69,P003-G03,Swab,22.01,0.224169,Post-Control,6,SP69,12/04/2022,2,DA5
DA5-G04,Snowy River,-37.21368498,148.3664118,SP70,P003-G04,Swab,18.36,0.05487,Post-Control,6,SP70,12/04/2022,3,DA5
DA5-G05,Snowy River,-37.20280366,148.371275,SP71,P003-G05,Swab,16.2,0.003585,Post-Control,6,SP71,12/04/2022,1,DA5
DA5-G06,Snowy River,-37.19921618,148.355627,SP72,P003-G06,Swab,19.94,0.000728,Post-Control,6,SP72,13/04/2022,3,DA5
DA5-G07,Snowy River,-37.19897957,148.3550369,SP73,P003-G07,Swab,19.46,0.019913,Post-Control,6,SP73,13/04/2022,3,DA5
DA5-G08,Snowy River,-37.19617884,148.3500856,SP74,P003-G08,Swab,31.72,0.04741,Post-Control,6,SP74,13/04/2022,3,DA5
DA5-G09,Snowy River,-37.19544679,148.3486755,SP75,P003-G09,Swab,23.55,0.319411,Post-Control,6,SP75,13/04/2022,2,DA5
DA5-G10,Snowy River,-37.19341661,148.3464874,SP76,P003-G10,Swab,28.64,0.095818,Post-Control,6,SP76,13/04/2022,3,DA5
DA5-G11,Snowy River,-37.19139649,148.3449981,SP77,P003-G11,Swab,19.66,0,Post-Control,6,SP77,13/04/2022,1,DA5
DA5-G12,Snowy River,-37.18985243,148.3436526,SP78,P003-G12,Swab,28.04,0.623879,Post-Control,6,SP78,13/04/2022,3,DA5
DA2-H07,Snowy River,-37.189915,148.3436988,SP79,P003-H01,Swab,9.132,0.614798,Post-Control,6,SP79,13/04/2022,3,DA2
DA5-H01,Snowy River,-37.189915,148.3436988,SP79,P003-H01,Swab,25.47,0.614798,Post-Control,6,SP79,13/04/2022,3,DA5
DA12-H09,Snowy River,-37.19894762,148.3562532,SP80,P003-H02,Swab,34.2,0.101366,Post-Control,6,SP80,13/04/2022,3,DA12
DA5-H02,Snowy River,-37.19894762,148.3562532,SP80,P003-H02,Swab,21.54,0.101366,Post-Control,6,SP80,13/04/2022,3,DA5
